{
  "data" : [
    {
      "augUnitsPerTrans": null,
      "avgUnitRetail":6.0421787804,
      "mumdDollar":187399.720999999,
      "mumdReasonCD":"TOTAL",
      "salesDollar":253343283.13,
      "salesDollarBeforeReturns":null,
      "salesTransaction":399404,
      "salesUnits":1929127.28,
      "salesUnitsBeforeReturns":null,
      "totalAllocatedUnits":3.7988159858
    },
    {
      "augUnitsPerTrans": 3.7115275055,
      "avgUnitRetail": 6.7888463182,
      "salesUnits": 1395189.1700000004,
      "salesDollar": 9471724.86,
      "totalAllocatedUnits": null,
      "salesDollarBeforeReturns": null,
      "salesUnitsBeforeReturns": null,
      "mumdDollar": 0,
      "salesTransaction": 375907,
      "mumdReasonCD":"-1 - Shelf No Discounts"
    },
    {
      "augUnitsPerTrans": 3.3416149068,
      "avgUnitRetail": 6.049330855,
      "salesUnits": 538,
      "salesDollar": 3254.54,
      "totalAllocatedUnits": null,
      "salesDollarBeforeReturns": null,
      "salesUnitsBeforeReturns": null,
      "mumdDollar": 1037.86,
      "salesTransaction": 161,
      "mumdReasonCD": "01-AD NOT IN COMPUTER"
    },
    {
      "augUnitsPerTrans": 5.1764705882,
      "avgUnitRetail": 4.16625,
      "salesUnits": 88,
      "salesDollar": 366.63,
      "totalAllocatedUnits": null,
      "salesDollarBeforeReturns": null,
      "salesUnitsBeforeReturns": null,
      "mumdDollar": 59.51,
      "salesTransaction": 17,
      "mumdReasonCD": "02-SLOW MOVING"
    }
  ]
}