{
  "data" :
  [
    {
    "augUnitsPerTrans": null,
    "avgUnitRetail": null,
    "salesUnits": null,
    "salesDollar": 100,
    "totalAllocatedUnits": null,
    "salesDollarBeforeReturns": null,
    "salesUnitsBeforeReturns": null,
    "mumdDollar": null,
    "salesTransaction": null,
    "mumdReasonCD": "38-Store Promo",
    "week": "Fiscal Week 39 of 2021"
    },
  {
    "augUnitsPerTrans": null,
    "avgUnitRetail": null,
    "salesUnits": null,
    "salesDollar": 200,
    "totalAllocatedUnits": null,
    "salesDollarBeforeReturns": null,
    "salesUnitsBeforeReturns": null,
    "mumdDollar": null,
    "salesTransaction": null,
    "mumdReasonCD": "39-Mock Code",
    "week": "Fiscal Week 39 of 2021"
  },
  {
    "augUnitsPerTrans": null,
    "avgUnitRetail": null,
    "salesUnits": null,
    "salesDollar": 100,
    "totalAllocatedUnits": null,
    "salesDollarBeforeReturns": null,
    "salesUnitsBeforeReturns": null,
    "mumdDollar": null,
    "salesTransaction": null,
    "mumdReasonCD": "40-My Promo",
    "week":"Fiscal Week 39 of 2021"
  }
]
}

