[
  {
    "storeId": 186,
    "storeName": " HOMEWOOD, AL",
    "latitudeNumber": 33.4655,
    "longitudeNumber": -86.8238
  },
  {
    "storeId": 111,
    "storeName": " GLENDALE, AZ",
    "latitudeNumber": 33.6413,
    "longitudeNumber": -112.183
  },
  {
    "storeId": 180,
    "storeName": " MESA, AZ",
    "latitudeNumber": 33.3914,
    "longitudeNumber": -111.68
  },
  {
    "storeId": 147,
    "storeName": " PHOENIX, AZ",
    "latitudeNumber": 33.5065,
    "longitudeNumber": -112.042
  },
  {
    "storeId": 115,
    "storeName": " TEMPE, AZ",
    "latitudeNumber": 33.3502,
    "longitudeNumber": -111.965
  },
  {
    "storeId": 141,
    "storeName": " TUCSON, AZ",
    "latitudeNumber": 32.2228,
    "longitudeNumber": -110.84
  },
  {
    "storeId": 210,
    "storeName": " BURLINGAME, CA",
    "latitudeNumber": 37.5949,
    "longitudeNumber": -122.373
  },
  {
    "storeId": 201,
    "storeName": " CARSON, CA",
    "latitudeNumber": 33.8407,
    "longitudeNumber": -118.285
  },
  {
    "storeId": 157,
    "storeName": " DOWNEY, CA",
    "latitudeNumber": 33.9232,
    "longitudeNumber": -118.13
  },
  {
    "storeId": 176,
    "storeName": " FOUNTAIN VALLEY, CA",
    "latitudeNumber": 33.7166,
    "longitudeNumber": -117.969
  },
  {
    "storeId": 155,
    "storeName": " FULLERTON, CA",
    "latitudeNumber": 33.9164,
    "longitudeNumber": -117.93
  },
  {
    "storeId": 207,
    "storeName": " MISSION VIEJO, CA",
    "latitudeNumber": 33.6004,
    "longitudeNumber": -117.678
  },
  {
    "storeId": 123,
    "storeName": " NORCO, CA",
    "latitudeNumber": 33.8964,
    "longitudeNumber": -117.562
  },
  {
    "storeId": 150,
    "storeName": " ROCKLIN, CA",
    "latitudeNumber": 38.7817,
    "longitudeNumber": -121.264
  },
  {
    "storeId": 178,
    "storeName": " SAN DIEGO, CA",
    "latitudeNumber": 32.9766,
    "longitudeNumber": -117.089
  },
  {
    "storeId": 232,
    "storeName": " SAN DIEGO, CA",
    "latitudeNumber": 32.7651,
    "longitudeNumber": -117.203
  },
  {
    "storeId": 238,
    "storeName": " SAN LEANDRO, CA",
    "latitudeNumber": 37.7050,
    "longitudeNumber": -122.165
  },
  {
    "storeId": 129,
    "storeName": " SANTA ANA, CA",
    "latitudeNumber": 33.7101,
    "longitudeNumber": -117.848
  },
  {
    "storeId": 243,
    "storeName": " WEST COVINA, CA",
    "latitudeNumber": 34.0698,
    "longitudeNumber": -117.945
  },
  {
    "storeId": 169,
    "storeName": " WOODLAND HILLS, CA",
    "latitudeNumber": 34.1853,
    "longitudeNumber": -118.627
  },
  {
    "storeId": 117,
    "storeName": " ARVADA, CO",
    "latitudeNumber": 39.7909,
    "longitudeNumber": -105.078
  },
  {
    "storeId": 205,
    "storeName": " DENVER, CO",
    "latitudeNumber": 39.7749,
    "longitudeNumber": -104.874
  },
  {
    "storeId": 118,
    "storeName": " HIGHLANDS RANCH, CO",
    "latitudeNumber": 39.5649,
    "longitudeNumber": -104.963
  },
  {
    "storeId": 133,
    "storeName": " BOYNTON BEACH, FL",
    "latitudeNumber": 26.5437,
    "longitudeNumber": -80.0734
  },
  {
    "storeId": 114,
    "storeName": " BRANDON, FL",
    "latitudeNumber": 27.9422,
    "longitudeNumber": -82.3368
  },
  {
    "storeId": 116,
    "storeName": " CLEARWATER, FL",
    "latitudeNumber": 27.9696,
    "longitudeNumber": -82.7307
  },
  {
    "storeId": 122,
    "storeName": " DORAL, FL",
    "latitudeNumber": 25.8563,
    "longitudeNumber": -80.319
  },
  {
    "storeId": 181,
    "storeName": " FORT LAUDERDALE, FL",
    "latitudeNumber": 26.1349,
    "longitudeNumber": -80.1706
  },
  {
    "storeId": 158,
    "storeName": " FORT MYERS, FL",
    "latitudeNumber": 26.6055,
    "longitudeNumber": -81.8704
  },
  {
    "storeId": 245,
    "storeName": " GAINESVILLE, FL",
    "latitudeNumber": 29.6613,
    "longitudeNumber": -82.4276
  },
  {
    "storeId": 103,
    "storeName": " JACKSONVILLE, FL",
    "latitudeNumber": 30.2005,
    "longitudeNumber": -81.7408
  },
  {
    "storeId": 196,
    "storeName": " JACKSONVILLE, FL",
    "latitudeNumber": 30.2609,
    "longitudeNumber": -81.5202
  },
  {
    "storeId": 143,
    "storeName": " LAKELAND, FL",
    "latitudeNumber": 28.0906,
    "longitudeNumber": -81.9672
  },
  {
    "storeId": 272,
    "storeName": " MIAMI, FL",
    "latitudeNumber": 25.8120,
    "longitudeNumber": -80.1971
  },
  {
    "storeId": 192,
    "storeName": " MIAMI, FL",
    "latitudeNumber": 25.6898,
    "longitudeNumber": -80.393
  },
  {
    "storeId": 149,
    "storeName": " MIAMI GARDENS, FL",
    "latitudeNumber": 25.9262,
    "longitudeNumber": -80.2242
  },
  {
    "storeId": 110,
    "storeName": " ORLANDO, FL",
    "latitudeNumber": 28.5488,
    "longitudeNumber": -81.3501
  },
  {
    "storeId": 134,
    "storeName": " PEMBROKE PINES, FL",
    "latitudeNumber": 26.005,
    "longitudeNumber": -80.3305
  },
  {
    "storeId": 108,
    "storeName": " POMPANO BEACH, FL",
    "latitudeNumber": 26.2303,
    "longitudeNumber": -80.1483
  },
  {
    "storeId": 191,
    "storeName": " PORT ST. LUCIE, FL",
    "latitudeNumber": 27.2603,
    "longitudeNumber": -80.4192
  },
  {
    "storeId": 173,
    "storeName": " RIVIERA BEACH, FL",
    "latitudeNumber": 26.7882,
    "longitudeNumber": -80.0973
  },
  {
    "storeId": 172,
    "storeName": " SANFORD, FL",
    "latitudeNumber": 28.808,
    "longitudeNumber": -81.3334
  },
  {
    "storeId": 140,
    "storeName": " SARASOTA, FL",
    "latitudeNumber": 27.39,
    "longitudeNumber": -82.5032
  },
  {
    "storeId": 195,
    "storeName": " ST PETERSBURG, FL",
    "latitudeNumber": 27.7905,
    "longitudeNumber": -82.6803
  },
  {
    "storeId": 168,
    "storeName": " TAMPA, FL",
    "latitudeNumber": 27.9657,
    "longitudeNumber": -82.5025
  },
  {
    "storeId": 101,
    "storeName": " ATLANTA, GA",
    "latitudeNumber": 33.8383,
    "longitudeNumber": -84.3269
  },
  {
    "storeId": 194,
    "storeName": " ATLANTA, GA",
    "latitudeNumber": 33.7462,
    "longitudeNumber": -84.336
  },
  {
    "storeId": 160,
    "storeName": " BUFORD, GA",
    "latitudeNumber": 34.0539,
    "longitudeNumber": -83.9964
  },
  {
    "storeId": 266,
    "storeName": " CONYERS, GA",
    "latitudeNumber": 33.6496,
    "longitudeNumber": -84.0076
  },
  {
    "storeId": 106,
    "storeName": " KENNESAW, GA",
    "latitudeNumber": 34.0003,
    "longitudeNumber": -84.5883
  },
  {
    "storeId": 151,
    "storeName": " MCDONOUGH, GA",
    "latitudeNumber": 33.4624,
    "longitudeNumber": -84.2203
  },
  {
    "storeId": 102,
    "storeName": " MORROW, GA",
    "latitudeNumber": 33.5708,
    "longitudeNumber": -84.3571
  },
  {
    "storeId": 130,
    "storeName": " ROSWELL, GA",
    "latitudeNumber": 34.0372,
    "longitudeNumber": -84.3404
  },
  {
    "storeId": 152,
    "storeName": " SAVANNAH, GA",
    "latitudeNumber": 32.0451,
    "longitudeNumber": -81.0711
  },
  {
    "storeId": 136,
    "storeName": " ARLINGTON HEIGHTS, IL",
    "latitudeNumber": 42.1087,
    "longitudeNumber": -87.9714
  },
  {
    "storeId": 138,
    "storeName": " AURORA, IL",
    "latitudeNumber": 41.7512,
    "longitudeNumber": -88.2067
  },
  {
    "storeId": 271,
    "storeName": " CHICAGO, IL",
    "latitudeNumber": 41.7339,
    "longitudeNumber": -87.6293
  },
  {
    "storeId": 162,
    "storeName": " COUNTRYSIDE, IL",
    "latitudeNumber": 41.7843,
    "longitudeNumber": -87.8707
  },
  {
    "storeId": 175,
    "storeName": " GURNEE, IL",
    "latitudeNumber": 42.3841,
    "longitudeNumber": -87.9544
  },
  {
    "storeId": 132,
    "storeName": " LOMBARD, IL",
    "latitudeNumber": 41.946,
    "longitudeNumber": -88.0324
  },
  {
    "storeId": 145,
    "storeName": " SKOKIE, IL",
    "latitudeNumber": 42.0271,
    "longitudeNumber": -87.7118
  },
  {
    "storeId": 203,
    "storeName": " INDIANAPOLIS, IN",
    "latitudeNumber": 39.9048,
    "longitudeNumber": -86.0673
  },
  {
    "storeId": 190,
    "storeName": " OVERLAND PARK, KS",
    "latitudeNumber": 38.9912,
    "longitudeNumber": -94.6965
  },
  {
    "storeId": 187,
    "storeName": " LOUISVILLE, KY",
    "latitudeNumber": 38.1954,
    "longitudeNumber": -85.7319
  },
  {
    "storeId": 124,
    "storeName": " GRETNA, LA",
    "latitudeNumber": 29.9146,
    "longitudeNumber": -90.0508
  },
  {
    "storeId": 128,
    "storeName": " NEW ORLEANS, LA",
    "latitudeNumber": 29.9262,
    "longitudeNumber": -90.083
  },
  {
    "storeId": 206,
    "storeName": " AVON, MA",
    "latitudeNumber": 42.1323,
    "longitudeNumber": -71.0667
  },
  {
    "storeId": 166,
    "storeName": " GAITHERSBURG, MD",
    "latitudeNumber": 39.1621,
    "longitudeNumber": -77.2201
  },
  {
    "storeId": 215,
    "storeName": " BRIDGETON, MO",
    "latitudeNumber": 38.7455,
    "longitudeNumber": -90.4216
  },
  {
    "storeId": 179,
    "storeName": " CONCORD, NC",
    "latitudeNumber": 35.3721,
    "longitudeNumber": -80.713
  },
  {
    "storeId": 153,
    "storeName": " GREENSBORO, NC",
    "latitudeNumber": 36.052,
    "longitudeNumber": -79.9041
  },
  {
    "storeId": 237,
    "storeName": " NASHUA, NC",
    "latitudeNumber": 42.7793,
    "longitudeNumber": -71.4998
  },
  {
    "storeId": 163,
    "storeName": " MOORESTOWN, NJ",
    "latitudeNumber": 39.9397,
    "longitudeNumber": -74.9663
  },
  {
    "storeId": 182,
    "storeName": " PARAMUS, NJ",
    "latitudeNumber": 40.9587,
    "longitudeNumber": -74.0719
  },
  {
    "storeId": 236,
    "storeName": " TOMS RIVER, NJ",
    "latitudeNumber": 39.9608,
    "longitudeNumber": -74.1862
  },
  {
    "storeId": 156,
    "storeName": " WAYNE, NJ",
    "latitudeNumber": 40.8866,
    "longitudeNumber": -74.2525
  },
  {
    "storeId": 200,
    "storeName": " ALBUQUERQUE, NM",
    "latitudeNumber": 35.1389,
    "longitudeNumber": -106.599
  },
  {
    "storeId": 120,
    "storeName": " HENDERSON, NV",
    "latitudeNumber": 36.0664,
    "longitudeNumber": -115.035
  },
  {
    "storeId": 202,
    "storeName": " LAS VEGAS, NV",
    "latitudeNumber": 36.2164,
    "longitudeNumber": -115.245
  },
  {
    "storeId": 144,
    "storeName": " RENO, NV",
    "latitudeNumber": 39.4804,
    "longitudeNumber": -119.797
  },
  {
    "storeId": 184,
    "storeName": " FARMINGDALE, NY",
    "latitudeNumber": 40.7297,
    "longitudeNumber": -73.4247
  },
  {
    "storeId": 251,
    "storeName": " GARDEN CITY, NY",
    "latitudeNumber": 40.7312,
    "longitudeNumber": -73.6109
  },
  {
    "storeId": 142,
    "storeName": " CINCINNATI, OH",
    "latitudeNumber": 39.1721,
    "longitudeNumber": -84.4214
  },
  {
    "storeId": 125,
    "storeName": " HILLIARD, OH",
    "latitudeNumber": 40.0304,
    "longitudeNumber": -83.1196
  },
  {
    "storeId": 197,
    "storeName": " OKLAHOMA CITY, OK",
    "latitudeNumber": 35.4589,
    "longitudeNumber": -97.6228
  },
  {
    "storeId": 171,
    "storeName": " DEVON, PA",
    "latitudeNumber": 40.0699,
    "longitudeNumber": -75.4412
  },
  {
    "storeId": 154,
    "storeName": " LEVITTOWN, PA",
    "latitudeNumber": 40.1696,
    "longitudeNumber": -74.8915
  },
  {
    "storeId": 165,
    "storeName": " ANTIOCH, TN",
    "latitudeNumber": 36.0468,
    "longitudeNumber": -86.6636
  },
  {
    "storeId": 164,
    "storeName": " KNOXVILLE, TN",
    "latitudeNumber": 35.9077,
    "longitudeNumber": -84.0916
  },
  {
    "storeId": 137,
    "storeName": " MEMPHIS, TN",
    "latitudeNumber": 35.1569,
    "longitudeNumber": -89.8895
  },
  {
    "storeId": 109,
    "storeName": " ARLINGTON, TX",
    "latitudeNumber": 32.7101,
    "longitudeNumber": -97.0654
  },
  {
    "storeId": 183,
    "storeName": " AUSTIN, TX",
    "latitudeNumber": 30.4091,
    "longitudeNumber": -97.6717
  },
  {
    "storeId": 121,
    "storeName": " AUSTIN, TX",
    "latitudeNumber": 30.3992,
    "longitudeNumber": -97.7428
  },
  {
    "storeId": 231,
    "storeName": " DALLAS, TX",
    "latitudeNumber": 32.7934,
    "longitudeNumber": -96.8246
  },
  {
    "storeId": 104,
    "storeName": " DALLAS, TX",
    "latitudeNumber": 32.9028,
    "longitudeNumber": -96.9003
  },
  {
    "storeId": 261,
    "storeName": " DENTON, TX",
    "latitudeNumber": 33.1903,
    "longitudeNumber": -97.1102
  },
  {
    "storeId": 193,
    "storeName": " FORT WORTH, TX",
    "latitudeNumber": 32.6721,
    "longitudeNumber": -97.3993
  },
  {
    "storeId": 107,
    "storeName": " HOUSTON, TX",
    "latitudeNumber": 29.6291,
    "longitudeNumber": -95.2335
  },
  {
    "storeId": 113,
    "storeName": " HOUSTON, TX",
    "latitudeNumber": 29.7328,
    "longitudeNumber": -95.6407
  },
  {
    "storeId": 167,
    "storeName": " HOUSTON, TX",
    "latitudeNumber": 29.9213,
    "longitudeNumber": -95.6223
  },
  {
    "storeId": 105,
    "storeName": " HOUSTON, TX",
    "latitudeNumber": 30.0159,
    "longitudeNumber": -95.4301
  },
  {
    "storeId": 275,
    "storeName": " HOUSTON, TX",
    "latitudeNumber": 29.7328,
    "longitudeNumber": -95.4657
  },
  {
    "storeId": 170,
    "storeName": " KATY, TX",
    "latitudeNumber": 29.7831,
    "longitudeNumber": -95.7975
  },
  {
    "storeId": 278,
    "storeName": " LIVE OAK, TX",
    "latitudeNumber": 29.5636,
    "longitudeNumber": -98.3440
  },
  {
    "storeId": 131,
    "storeName": " MESQUITE, TX",
    "latitudeNumber": 32.809,
    "longitudeNumber": -96.6154
  },
  {
    "storeId": 135,
    "storeName": " NORTH RICHLAND HILLS, TX",
    "latitudeNumber": 32.8415,
    "longitudeNumber": -97.2351
  },
  {
    "storeId": 112,
    "storeName": " PLANO, TX",
    "latitudeNumber": 33.0174,
    "longitudeNumber": -96.7144
  },
  {
    "storeId": 119,
    "storeName": " SAN ANTONIO, TX",
    "latitudeNumber": 29.5232,
    "longitudeNumber": -98.4955
  },
  {
    "storeId": 279,
    "storeName": " SPRING, TX",
    "latitudeNumber": 30.1555,
    "longitudeNumber": -95.4503
  },
  {
    "storeId": 148,
    "storeName": " SUGAR LAND, TX",
    "latitudeNumber": 29.5907,
    "longitudeNumber": -95.5975
  },
  {
    "storeId": 161,
    "storeName": " THE COLONY, TX",
    "latitudeNumber": 33.0776,
    "longitudeNumber": -96.8697
  },
  {
    "storeId": 247,
    "storeName": " WEBSTER, TX",
    "latitudeNumber": 29.5250,
    "longitudeNumber": -95.1330
  },
  {
    "storeId": 159,
    "storeName": " DRAPER, UT",
    "latitudeNumber": 40.5319,
    "longitudeNumber": -111.887
  },
  {
    "storeId": 198,
    "storeName": " RIVERDALE, UT",
    "latitudeNumber": 41.1781,
    "longitudeNumber": -112.004
  },
  {
    "storeId": 234,
    "storeName": " SALT LAKE CITY, UT",
    "latitudeNumber": 40.7359,
    "longitudeNumber": -111.9078
  },
  {
    "storeId": 177,
    "storeName": " ALEXANDRIA, VA",
    "latitudeNumber": 38.8044,
    "longitudeNumber": -77.1152
  },
  {
    "storeId": 189,
    "storeName": " HAMPTON, VA",
    "latitudeNumber": 37.0464,
    "longitudeNumber": -76.3964
  },
  {
    "storeId": 264,
    "storeName": " LEESBURG, VA",
    "latitudeNumber": 39.1156,
    "longitudeNumber": -77.5424
  },
  {
    "storeId": 139,
    "storeName": " RICHMOND, VA",
    "latitudeNumber": 37.61,
    "longitudeNumber": -77.5177
  },
  {
    "storeId": 283,
    "storeName": " VIENNA, VA",
    "latitudeNumber": 38.9115,
    "longitudeNumber": -77.2234
  },
  {
    "storeId": 204,
    "storeName": " VIRGINIA BEACH, VA",
    "latitudeNumber": 36.8457,
    "longitudeNumber": -76.1296
  },
  {
    "storeId": 146,
    "storeName": " WOODBRIDGE, VA",
    "latitudeNumber": 38.6476,
    "longitudeNumber": -77.2934
  },
  {
    "storeId": 211,
    "storeName": " EVERETT, WA",
    "latitudeNumber": 47.9126,
    "longitudeNumber": -122.212
  },
  {
    "storeId": 199,
    "storeName": " TUKWILA, WA",
    "latitudeNumber": 47.4436,
    "longitudeNumber": -122.261
  },
  {
    "storeId": 188,
    "storeName": " BROOKFIELD, WI",
    "latitudeNumber": 43.0381,
    "longitudeNumber": -88.1152
  },
  {
    "storeId": 270,
    "storeName": " MADISON, WI",
    "latitudeNumber": 43.0475,
    "longitudeNumber": -89.3503
  },
  {
    "storeId": 223,
    "storeName": " 9261 West McDowell Rd.  AZ",
    "latitudeNumber": 33.4651,
    "longitudeNumber": -112.256
  },
  {
    "storeId": 185,
    "storeName": " 1665 North McCarthy Blvd  CA",
    "latitudeNumber": 37.4514,
    "longitudeNumber": -121.924
  },
  {
    "storeId": 216,
    "storeName": " 8330 Delta Shores Circle  CA",
    "latitudeNumber": 38.4582,
    "longitudeNumber": -121.491
  },
  {
    "storeId": 222,
    "storeName": " 24318 Hemlock Ave  CA",
    "latitudeNumber": 33.9445,
    "longitudeNumber": -117.24
  },
  {
    "storeId": 226,
    "storeName": " 7279 Rosemead Blvd  CA",
    "latitudeNumber": 34.1298,
    "longitudeNumber": -118.074
  },
  {
    "storeId": 227,
    "storeName": " 79315 Highway 111  CA",
    "latitudeNumber": 33.7039,
    "longitudeNumber": -116.279
  },
  {
    "storeId": 209,
    "storeName": " 16161 Grant Street  CO",
    "latitudeNumber": 39.9897,
    "longitudeNumber": -104.985
  },
  {
    "storeId": 127,
    "storeName": " 1706 Northeast Expressway  GA",
    "latitudeNumber": 33.8384,
    "longitudeNumber": -84.3243
  },
  {
    "storeId": 213,
    "storeName": " 826 South Randall Rd  IL",
    "latitudeNumber": 42.159,
    "longitudeNumber": -88.3392
  },
  {
    "storeId": 218,
    "storeName": " ST.\t3443 W. Addison St  IL",
    "latitudeNumber": 41.946,
    "longitudeNumber": -87.7145
  },
  {
    "storeId": 221,
    "storeName": "9629 E. Kellogg  KS",
    "latitudeNumber": 37.6783,
    "longitudeNumber": -97.2246
  },
  {
    "storeId": 212,
    "storeName": "180 Main St.  MA",
    "latitudeNumber": 42.4665,
    "longitudeNumber": -71.0278
  },
  {
    "storeId": 225,
    "storeName": "14453 Hall Rd  MI",
    "latitudeNumber": 42.6304,
    "longitudeNumber": -82.9816
  },
  {
    "storeId": 230,
    "storeName": "44075 West 12 Mile Rd  MI",
    "latitudeNumber": 42.491,
    "longitudeNumber": -83.4834
  },
  {
    "storeId": 217,
    "storeName": "4441 Lemay Ferry Road  MO",
    "latitudeNumber": 38.5014,
    "longitudeNumber": -90.3347
  },
  {
    "storeId": 214,
    "storeName": "9579 South Blvd  NC",
    "latitudeNumber": 35.1025,
    "longitudeNumber": -80.8772
  },
  {
    "storeId": 235,
    "storeName": "900 Ikea Dr.  NJ",
    "latitudeNumber": 40.6726,
    "longitudeNumber": -74.1726
  },
  {
    "storeId": 224,
    "storeName": "6300 Tussing Rd  OH",
    "latitudeNumber": 39.9299,
    "longitudeNumber": -82.8294
  },
  {
    "storeId": 208,
    "storeName": "6029 Rivers Avenue  SC",
    "latitudeNumber": 32.9058,
    "longitudeNumber": -80.0215
  },
  {
    "storeId": 219,
    "storeName": "18840 HWY 59  TX",
    "latitudeNumber": 29.99,
    "longitudeNumber": -95.2731
  },
  {
    "storeId": 220,
    "storeName": "9801 Gateway Blvd  TX",
    "latitudeNumber": 31.7617,
    "longitudeNumber": -106.358
  },
  {
    "storeId": 258,
    "storeName": "6915 COLONY ST  CA",
    "latitudeNumber": 35.2929779,
    "longitudeNumber": -119.0293676
  },
  {
    "storeId": 248,
    "storeName": "6417 N RIVERSIDE DR  CA",
    "latitudeNumber": 36.8301421,
    "longitudeNumber": -119.9086217
  },
  {
    "storeId": 239,
    "storeName": "39835 ALTA MURRIETA DR  CA",
    "latitudeNumber": 33.5622757,
    "longitudeNumber": -117.1817877
  },
  {
    "storeId": 268,
    "storeName": "1901 VENTURA BLVD  CA",
    "latitudeNumber": 34.2260496,
    "longitudeNumber": -119.1525553
  },
  {
    "storeId": 228,
    "storeName": "200 GOLF CLUB RD  CA",
    "latitudeNumber": 37.9715821,
    "longitudeNumber": -122.0691536
  },
  {
    "storeId": 267,
    "storeName": "8250 DAY CREEK BLVD  CA",
    "latitudeNumber": 34.1039073,
    "longitudeNumber": -117.5413168
  },
  {
    "storeId": 244,
    "storeName": "116 FEDERAL RD  CT",
    "latitudeNumber": 41.4261989,
    "longitudeNumber": -73.4213502
  },
  {
    "storeId": 255,
    "storeName": "300 TUNXIS HILL RD  CT",
    "latitudeNumber": 41.176973,
    "longitudeNumber": -73.2308756
  },
  {
    "storeId": 246,
    "storeName": "25737 SIERRA CENTER BLVD  FL",
    "latitudeNumber": 28.1949172,
    "longitudeNumber": -82.3960224
  },
  {
    "storeId": 265,
    "storeName": "2157 PINE RIDGE RD  FL",
    "latitudeNumber": 26.2132874,
    "longitudeNumber": -81.7775962
  },
  {
    "storeId": 256,
    "storeName": "1400 22ND ST  IA",
    "latitudeNumber": 41.5943673,
    "longitudeNumber": -93.7404611
  },
  {
    "storeId": 259,
    "storeName": "1049 N EMERSON AVE  IN",
    "latitudeNumber": 39.6343482,
    "longitudeNumber": -86.0804754
  },
  {
    "storeId": 229,
    "storeName": "729 MORRISSEY BLVD  MA",
    "latitudeNumber": 42.2966089,
    "longitudeNumber": -71.0520137
  },
  {
    "storeId": 252,
    "storeName": "80 2ND AVE  MA",
    "latitudeNumber": 42.3941702,
    "longitudeNumber": -71.2656661
  },
  {
    "storeId": 257,
    "storeName": "5151 SUNRISE HIGHWAY  NY",
    "latitudeNumber": 40.7641562,
    "longitudeNumber": -73.0967618
  },
  {
    "storeId": 263,
    "storeName": "4 HENRY ST  NY",
    "latitudeNumber": 40.8102039,
    "longitudeNumber": -73.2891595
  },
  {
    "storeId": 253,
    "storeName": "10303 E 71ST ST  OK",
    "latitudeNumber": 36.0637687,
    "longitudeNumber": -95.8628935
  },
  {
    "storeId": 260,
    "storeName": "3700 FERNANDINA RD  SC",
    "latitudeNumber": 34.0577578,
    "longitudeNumber": -81.1322399
  },
  {
    "storeId": 249,
    "storeName": "401 ROPER MOUNTAIN RD  SC",
    "latitudeNumber": 34.8426667,
    "longitudeNumber": -82.315751
  },
  {
    "storeId": 240,
    "storeName": "9315 S INTERSTATE 35 NORTHBOUND SERVICE RD  TX",
    "latitudeNumber": 30.1639883,
    "longitudeNumber": -97.7867849
  },
  {
    "storeId": 242,
    "storeName": "4330 DACOMA ST  TX",
    "latitudeNumber": 29.8090806,
    "longitudeNumber": -95.4543755
  },
  {
    "storeId": 241,
    "storeName": "2800 W UNIVERSITY DR  TX",
    "latitudeNumber": 33.217919,
    "longitudeNumber": -96.6549687
  },
  {
    "storeId": 233,
    "storeName": "7126 W LOOP 1604 N  TX",
    "latitudeNumber": 29.4998258,
    "longitudeNumber": -98.7047977
  },
  {
    "storeId": 262,
    "storeName": "7601 S HOSMER ST  WA",
    "latitudeNumber": 47.1877486,
    "longitudeNumber": -122.4625337
  }
]