[
  {
    "storeId": 3153,
    "storeName": "ALTOONA",
    "latitudeNumber": 41.6478,
    "longitudeNumber": -93.5088
  },
  {
    "storeId": 3356,
    "storeName": "AMES",
    "latitudeNumber": 42.0083,
    "longitudeNumber": -93.6042
  },
  {
    "storeId": 3090,
    "storeName": "ANKENY",
    "latitudeNumber": 41.7048,
    "longitudeNumber": -93.5795
  },
  {
    "storeId": 3302,
    "storeName": "CEDAR FALLS",
    "latitudeNumber": 42.487,
    "longitudeNumber": -92.433
  },
  {
    "storeId": 3105,
    "storeName": "CEDAR RAPIDS SOUTH",
    "latitudeNumber": 41.9509,
    "longitudeNumber": -91.7247
  },
  {
    "storeId": 3045,
    "storeName": "CLIVE",
    "latitudeNumber": 41.6139,
    "longitudeNumber": -93.7834
  },
  {
    "storeId": 3082,
    "storeName": "COUNCIL BLUFFS",
    "latitudeNumber": 41.2276,
    "longitudeNumber": -95.8485
  },
  {
    "storeId": 3063,
    "storeName": "DAVENPORT",
    "latitudeNumber": 41.5752,
    "longitudeNumber": -90.5743
  },
  {
    "storeId": 3315,
    "storeName": "DAVENPORT",
    "latitudeNumber": 41.5862,
    "longitudeNumber": -90.5741
  },
  {
    "storeId": 3046,
    "storeName": "DES MOINES",
    "latitudeNumber": 41.5309,
    "longitudeNumber": -93.5989
  },
  {
    "storeId": 3057,
    "storeName": "DUBUQUE",
    "latitudeNumber": 42.4834,
    "longitudeNumber": -90.7529
  },
  {
    "storeId": 3134,
    "storeName": "FORT DODGE",
    "latitudeNumber": 42.5002,
    "longitudeNumber": -94.1449
  },
  {
    "storeId": 3360,
    "storeName": "GRIMES",
    "latitudeNumber": 41.6884,
    "longitudeNumber": -93.7774
  },
  {
    "storeId": 3091,
    "storeName": "IOWA CITY",
    "latitudeNumber": 41.6328,
    "longitudeNumber": -91.571
  },
  {
    "storeId": 3020,
    "storeName": "MARION IOWA",
    "latitudeNumber": 42.0181,
    "longitudeNumber": -91.609
  },
  {
    "storeId": 3284,
    "storeName": "MARSHALLTOWN",
    "latitudeNumber": 42.0078,
    "longitudeNumber": -92.9434
  },
  {
    "storeId": 3094,
    "storeName": "MASON CITY",
    "latitudeNumber": 43.1458,
    "longitudeNumber": -93.2497
  },
  {
    "storeId": 3135,
    "storeName": "MUSCATINE",
    "latitudeNumber": 41.4558,
    "longitudeNumber": -91.0199
  },
  {
    "storeId": 3185,
    "storeName": "OTTUMWA",
    "latitudeNumber": 41.0148,
    "longitudeNumber": -92.4541
  },
  {
    "storeId": 3065,
    "storeName": "SIOUX CITY",
    "latitudeNumber": 42.475,
    "longitudeNumber": -96.3321
  },
  {
    "storeId": 3202,
    "storeName": "SPENCER",
    "latitudeNumber": 43.1237,
    "longitudeNumber": -95.1634
  },
  {
    "storeId": 3040,
    "storeName": "WATERLOO",
    "latitudeNumber": 42.4586,
    "longitudeNumber": -92.3359
  },
  {
    "storeId": 3066,
    "storeName": "WEST BURLINGTON",
    "latitudeNumber": 40.812,
    "longitudeNumber": -91.1683
  },
  {
    "storeId": 3211,
    "storeName": "ANTIOCH",
    "latitudeNumber": 42.4675,
    "longitudeNumber": -88.0681
  },
  {
    "storeId": 3121,
    "storeName": "BATAVIA",
    "latitudeNumber": 41.8563,
    "longitudeNumber": -88.3394
  },
  {
    "storeId": 3508,
    "storeName": "BOLINGBROOK",
    "latitudeNumber": 41.705,
    "longitudeNumber": -88.0675
  },
  {
    "storeId": 3093,
    "storeName": "BRADLEY",
    "latitudeNumber": 41.1617,
    "longitudeNumber": -87.846
  },
  {
    "storeId": 3122,
    "storeName": "BRIDGEVIEW",
    "latitudeNumber": 41.7254,
    "longitudeNumber": -87.801
  },
  {
    "storeId": 3148,
    "storeName": "CARPENTERSVILLE",
    "latitudeNumber": 42.124,
    "longitudeNumber": -88.3374
  },
  {
    "storeId": 3056,
    "storeName": "CHAMPAIGN",
    "latitudeNumber": 40.1439,
    "longitudeNumber": -88.2528
  },
  {
    "storeId": 3245,
    "storeName": "NORTH & KOSTNER",
    "latitudeNumber": 41.9093,
    "longitudeNumber": -87.7386
  },
  {
    "storeId": 3092,
    "storeName": "CLYBOURN",
    "latitudeNumber": 41.9299,
    "longitudeNumber": -87.674
  },
  {
    "storeId": 3198,
    "storeName": "CICERO",
    "latitudeNumber": 41.8474,
    "longitudeNumber": -87.7422
  },
  {
    "storeId": 3218,
    "storeName": "CREST HILL",
    "latitudeNumber": 41.5686,
    "longitudeNumber": -88.1217
  },
  {
    "storeId": 3088,
    "storeName": "CRESTWOOD",
    "latitudeNumber": 41.6497,
    "longitudeNumber": -87.7354
  },
  {
    "storeId": 3071,
    "storeName": "CRYSTAL LAKE",
    "latitudeNumber": 42.2283,
    "longitudeNumber": -88.2922
  },
  {
    "storeId": 3160,
    "storeName": "DANVILLE",
    "latitudeNumber": 40.2036,
    "longitudeNumber": -87.6235
  },
  {
    "storeId": 3120,
    "storeName": "DOLTON",
    "latitudeNumber": 41.6239,
    "longitudeNumber": -87.5822
  },
  {
    "storeId": 3176,
    "storeName": "EFFINGHAM",
    "latitudeNumber": 39.141,
    "longitudeNumber": -88.5584
  },
  {
    "storeId": 3503,
    "storeName": "ELGIN",
    "latitudeNumber": 42.0094,
    "longitudeNumber": -88.3349
  },
  {
    "storeId": 3303,
    "storeName": "EVERGREEN PARK",
    "latitudeNumber": 41.727,
    "longitudeNumber": -87.6834
  },
  {
    "storeId": 3060,
    "storeName": "FORSYTH",
    "latitudeNumber": 39.9288,
    "longitudeNumber": -88.9578
  },
  {
    "storeId": 3119,
    "storeName": "FOX LAKE",
    "latitudeNumber": 42.3642,
    "longitudeNumber": -88.1715
  },
  {
    "storeId": 3250,
    "storeName": "FREEPORT",
    "latitudeNumber": 42.2618,
    "longitudeNumber": -89.6295
  },
  {
    "storeId": 3235,
    "storeName": "GALESBURG",
    "latitudeNumber": 40.976,
    "longitudeNumber": -90.3589
  },
  {
    "storeId": 3175,
    "storeName": "GLENDALE HEIGHTS",
    "latitudeNumber": 41.9025,
    "longitudeNumber": -88.0666
  },
  {
    "storeId": 3085,
    "storeName": "GURNEE",
    "latitudeNumber": 42.3835,
    "longitudeNumber": -87.9608
  },
  {
    "storeId": 3253,
    "storeName": "HANOVER PARK",
    "latitudeNumber": 42.0065,
    "longitudeNumber": -88.143
  },
  {
    "storeId": 3206,
    "storeName": "HODGKINS",
    "latitudeNumber": 41.7796,
    "longitudeNumber": -87.8594
  },
  {
    "storeId": 3189,
    "storeName": "HOMER GLEN",
    "latitudeNumber": 41.6349,
    "longitudeNumber": -87.9324
  },
  {
    "storeId": 3117,
    "storeName": "HOMEWOOD",
    "latitudeNumber": 41.5709,
    "longitudeNumber": -87.6349
  },
  {
    "storeId": 3073,
    "storeName": "JOLIET",
    "latitudeNumber": 41.5202,
    "longitudeNumber": -88.1454
  },
  {
    "storeId": 3502,
    "storeName": "KEWANEE",
    "latitudeNumber": 41.2214,
    "longitudeNumber": -89.929
  },
  {
    "storeId": 3254,
    "storeName": "LONG GROVE",
    "latitudeNumber": 42.1568,
    "longitudeNumber": -88.0249
  },
  {
    "storeId": 3249,
    "storeName": "MACHESNEY PARK",
    "latitudeNumber": 42.3657,
    "longitudeNumber": -89.0186
  },
  {
    "storeId": 3219,
    "storeName": "MARION ILLINOIS",
    "latitudeNumber": 37.7463,
    "longitudeNumber": -88.9598
  },
  {
    "storeId": 3087,
    "storeName": "MATTESON",
    "latitudeNumber": 41.4962,
    "longitudeNumber": -87.7341
  },
  {
    "storeId": 3118,
    "storeName": "MELROSE PARK",
    "latitudeNumber": 41.9075,
    "longitudeNumber": -87.8322
  },
  {
    "storeId": 3285,
    "storeName": "MOLINE IL",
    "latitudeNumber": 41.4702,
    "longitudeNumber": -90.4554
  },
  {
    "storeId": 3222,
    "storeName": "MONTGOMERY",
    "latitudeNumber": 41.7186,
    "longitudeNumber": -88.284
  },
  {
    "storeId": 3215,
    "storeName": "MORRIS",
    "latitudeNumber": 41.3879,
    "longitudeNumber": -88.4281
  },
  {
    "storeId": 3523,
    "storeName": "MORTON GROVE",
    "latitudeNumber": 42.0254,
    "longitudeNumber": -87.7847
  },
  {
    "storeId": 3131,
    "storeName": "MOUNT PROSPECT",
    "latitudeNumber": 42.0718,
    "longitudeNumber": -87.9262
  },
  {
    "storeId": 3350,
    "storeName": "MOUNT VERNON",
    "latitudeNumber": 38.3022,
    "longitudeNumber": -88.9531
  },
  {
    "storeId": 3514,
    "storeName": "MUNDELEIN",
    "latitudeNumber": 42.238,
    "longitudeNumber": -87.9907
  },
  {
    "storeId": 3505,
    "storeName": "NAPERVILLE",
    "latitudeNumber": 41.7624,
    "longitudeNumber": -88.1977
  },
  {
    "storeId": 3072,
    "storeName": "NORMAL",
    "latitudeNumber": 40.5258,
    "longitudeNumber": -88.9491
  },
  {
    "storeId": 3306,
    "storeName": "O FALLON",
    "latitudeNumber": 38.5749,
    "longitudeNumber": -89.9338
  },
  {
    "storeId": 3081,
    "storeName": "PEKIN",
    "latitudeNumber": 40.5433,
    "longitudeNumber": -89.5947
  },
  {
    "storeId": 3248,
    "storeName": "PEORIA",
    "latitudeNumber": 40.7983,
    "longitudeNumber": -89.632
  },
  {
    "storeId": 3130,
    "storeName": "PERU",
    "latitudeNumber": 41.3628,
    "longitudeNumber": -89.1241
  },
  {
    "storeId": 3182,
    "storeName": "PLAINFIELD",
    "latitudeNumber": 41.6388,
    "longitudeNumber": -88.2011
  },
  {
    "storeId": 3262,
    "storeName": "QUINCY",
    "latitudeNumber": 39.9421,
    "longitudeNumber": -91.3296
  },
  {
    "storeId": 3042,
    "storeName": "CHERRY VALLEY",
    "latitudeNumber": 42.2451,
    "longitudeNumber": -88.9811
  },
  {
    "storeId": 3207,
    "storeName": "SPRINGFIELD NORTH",
    "latitudeNumber": 39.8382,
    "longitudeNumber": -89.6068
  },
  {
    "storeId": 3293,
    "storeName": "SPRINGFIELD SOUTH",
    "latitudeNumber": 39.7391,
    "longitudeNumber": -89.6942
  },
  {
    "storeId": 3272,
    "storeName": "STERLING",
    "latitudeNumber": 41.8178,
    "longitudeNumber": -89.6478
  },
  {
    "storeId": 3145,
    "storeName": "SYCAMORE",
    "latitudeNumber": 41.9711,
    "longitudeNumber": -88.7129
  },
  {
    "storeId": 3086,
    "storeName": "TINLEY PARK",
    "latitudeNumber": 41.6013,
    "longitudeNumber": -87.7867
  },
  {
    "storeId": 3327,
    "storeName": "VERNON HILLS",
    "latitudeNumber": 42.2578,
    "longitudeNumber": -87.9482
  },
  {
    "storeId": 3237,
    "storeName": "WASHINGTON",
    "latitudeNumber": 40.7074,
    "longitudeNumber": -89.4605
  },
  {
    "storeId": 3140,
    "storeName": "WEST CHICAGO",
    "latitudeNumber": 41.9143,
    "longitudeNumber": -88.2112
  },
  {
    "storeId": 3191,
    "storeName": "WOODSTOCK",
    "latitudeNumber": 42.2917,
    "longitudeNumber": -88.4242
  },
  {
    "storeId": 3164,
    "storeName": "YORKVILLE",
    "latitudeNumber": 41.665,
    "longitudeNumber": -88.4397
  },
  {
    "storeId": 3165,
    "storeName": "ANDERSON",
    "latitudeNumber": 40.0451,
    "longitudeNumber": -85.6519
  },
  {
    "storeId": 3196,
    "storeName": "ANGOLA",
    "latitudeNumber": 41.6744,
    "longitudeNumber": -84.998
  },
  {
    "storeId": 3136,
    "storeName": "AVON",
    "latitudeNumber": 39.7622,
    "longitudeNumber": -86.3348
  },
  {
    "storeId": 3174,
    "storeName": "BLOOMINGTON",
    "latitudeNumber": 39.1581,
    "longitudeNumber": -86.5751
  },
  {
    "storeId": 3167,
    "storeName": "CAMBY",
    "latitudeNumber": 39.6416,
    "longitudeNumber": -86.3325
  },
  {
    "storeId": 3083,
    "storeName": "CARMEL",
    "latitudeNumber": 40.0032,
    "longitudeNumber": -86.1218
  },
  {
    "storeId": 3180,
    "storeName": "COLUMBUS INDIANA",
    "latitudeNumber": 39.197,
    "longitudeNumber": -85.9499
  },
  {
    "storeId": 3095,
    "storeName": "ELKHART",
    "latitudeNumber": 41.7271,
    "longitudeNumber": -85.9706
  },
  {
    "storeId": 3257,
    "storeName": "EVANSVILLE",
    "latitudeNumber": 38.0036,
    "longitudeNumber": -87.4943
  },
  {
    "storeId": 3208,
    "storeName": "FORT WAYNE SOUTH",
    "latitudeNumber": 41.0137,
    "longitudeNumber": -85.1168
  },
  {
    "storeId": 3142,
    "storeName": "FORT WAYNE EAST",
    "latitudeNumber": 41.1322,
    "longitudeNumber": -85.0158
  },
  {
    "storeId": 3166,
    "storeName": "FORT WAYNE WEST",
    "latitudeNumber": 41.0764,
    "longitudeNumber": -85.2227
  },
  {
    "storeId": 3080,
    "storeName": "GRIFFITH",
    "latitudeNumber": 41.5509,
    "longitudeNumber": -87.4109
  },
  {
    "storeId": 3096,
    "storeName": "GOSHEN",
    "latitudeNumber": 41.5607,
    "longitudeNumber": -85.7979
  },
  {
    "storeId": 3169,
    "storeName": "GREENWOOD",
    "latitudeNumber": 39.6098,
    "longitudeNumber": -86.1607
  },
  {
    "storeId": 3271,
    "storeName": "HAMMOND",
    "latitudeNumber": 41.5967,
    "longitudeNumber": -87.4987
  },
  {
    "storeId": 3076,
    "storeName": "INDIANAPOLIS EAST",
    "latitudeNumber": 39.827,
    "longitudeNumber": -86.0499
  },
  {
    "storeId": 3084,
    "storeName": "INDIANAPOLIS SOUTH",
    "latitudeNumber": 39.664,
    "longitudeNumber": -86.0836
  },
  {
    "storeId": 3171,
    "storeName": "FISHERS",
    "latitudeNumber": 39.925,
    "longitudeNumber": -86.0427
  },
  {
    "storeId": 3329,
    "storeName": "JEFFERSONVILLE",
    "latitudeNumber": 38.3341,
    "longitudeNumber": -85.7457
  },
  {
    "storeId": 3146,
    "storeName": "KOKOMO",
    "latitudeNumber": 40.4945,
    "longitudeNumber": -86.1097
  },
  {
    "storeId": 3156,
    "storeName": "LAFAYETTE SOUTH",
    "latitudeNumber": 40.3865,
    "longitudeNumber": -86.8423
  },
  {
    "storeId": 3283,
    "storeName": "LEBANON",
    "latitudeNumber": 40.0472,
    "longitudeNumber": -86.4876
  },
  {
    "storeId": 3504,
    "storeName": "MERRILLVILLE",
    "latitudeNumber": 41.502,
    "longitudeNumber": -87.3178
  },
  {
    "storeId": 3186,
    "storeName": "MICHIGAN CITY",
    "latitudeNumber": 41.6706,
    "longitudeNumber": -86.8917
  },
  {
    "storeId": 3098,
    "storeName": "MISHAWAKA",
    "latitudeNumber": 41.7182,
    "longitudeNumber": -86.1796
  },
  {
    "storeId": 3138,
    "storeName": "MUNCIE",
    "latitudeNumber": 40.2209,
    "longitudeNumber": -85.465
  },
  {
    "storeId": 3228,
    "storeName": "PORTAGE INDIANA",
    "latitudeNumber": 41.5523,
    "longitudeNumber": -87.1741
  },
  {
    "storeId": 3232,
    "storeName": "PRINCETON",
    "latitudeNumber": 38.3548,
    "longitudeNumber": -87.5938
  },
  {
    "storeId": 3227,
    "storeName": "RICHMOND",
    "latitudeNumber": 39.8314,
    "longitudeNumber": -84.8459
  },
  {
    "storeId": 3298,
    "storeName": "SCHERERVILLE",
    "latitudeNumber": 41.4984,
    "longitudeNumber": -87.4725
  },
  {
    "storeId": 3124,
    "storeName": "SCHERERVILLE",
    "latitudeNumber": 41.5026,
    "longitudeNumber": -87.472
  },
  {
    "storeId": 3525,
    "storeName": "SOUTH BEND",
    "latitudeNumber": 41.6275,
    "longitudeNumber": -86.2388
  },
  {
    "storeId": 3070,
    "storeName": "TERRE HAUTE",
    "latitudeNumber": 39.5073,
    "longitudeNumber": -87.3959
  },
  {
    "storeId": 3363,
    "storeName": "TERRE HAUTE",
    "latitudeNumber": 39.3737,
    "longitudeNumber": -87.3925
  },
  {
    "storeId": 3108,
    "storeName": "VALPARAISO",
    "latitudeNumber": 41.4656,
    "longitudeNumber": -87.0259
  },
  {
    "storeId": 3266,
    "storeName": "WARSAW",
    "latitudeNumber": 41.2513,
    "longitudeNumber": -85.8226
  },
  {
    "storeId": 3511,
    "storeName": "WEST LAFAYETTE",
    "latitudeNumber": 40.4688,
    "longitudeNumber": -86.9599
  },
  {
    "storeId": 3304,
    "storeName": "GARDEN CITY",
    "latitudeNumber": 37.9798,
    "longitudeNumber": -100.836
  },
  {
    "storeId": 3361,
    "storeName": "KANSAS CITY",
    "latitudeNumber": 39.1195,
    "longitudeNumber": -94.8124
  },
  {
    "storeId": 3328,
    "storeName": "LAWRENCE",
    "latitudeNumber": 38.9283,
    "longitudeNumber": -95.2542
  },
  {
    "storeId": 3278,
    "storeName": "MANHATTAN",
    "latitudeNumber": 39.1895,
    "longitudeNumber": -96.5504
  },
  {
    "storeId": 3343,
    "storeName": "OLATHE",
    "latitudeNumber": 38.8837,
    "longitudeNumber": -94.7483
  },
  {
    "storeId": 3279,
    "storeName": "SALINA",
    "latitudeNumber": 38.7978,
    "longitudeNumber": -97.6217
  },
  {
    "storeId": 3291,
    "storeName": "TOPEKA",
    "latitudeNumber": 39.0352,
    "longitudeNumber": -95.7714
  },
  {
    "storeId": 3276,
    "storeName": "WICHITA WEST",
    "latitudeNumber": 37.7504,
    "longitudeNumber": -97.4626
  },
  {
    "storeId": 3275,
    "storeName": "WICHITA EAST",
    "latitudeNumber": 37.7438,
    "longitudeNumber": -97.2303
  },
  {
    "storeId": 3375,
    "storeName": "ELIZABETHTOWN",
    "latitudeNumber": 37.7182,
    "longitudeNumber": -85.9112
  },
  {
    "storeId": 3359,
    "storeName": "FLORENCE",
    "latitudeNumber": 38.9863,
    "longitudeNumber": -84.6497
  },
  {
    "storeId": 3373,
    "storeName": "LOUISVILLE",
    "latitudeNumber": 38.1063,
    "longitudeNumber": -85.6712
  },
  {
    "storeId": 3290,
    "storeName": "OWENSBORO",
    "latitudeNumber": 37.7548,
    "longitudeNumber": -87.0719
  },
  {
    "storeId": 3367,
    "storeName": "PADUCAH",
    "latitudeNumber": 37.0698,
    "longitudeNumber": -88.7087
  },
  {
    "storeId": 3322,
    "storeName": "ANN ARBOR",
    "latitudeNumber": 42.290907,
    "longitudeNumber": -83.8578
  },
  {
    "storeId": 3151,
    "storeName": "BATTLE CREEK",
    "latitudeNumber": 42.2654,
    "longitudeNumber": -85.1747
  },
  {
    "storeId": 3178,
    "storeName": "BAY CITY",
    "latitudeNumber": 43.6224,
    "longitudeNumber": -83.9387
  },
  {
    "storeId": 3354,
    "storeName": "BELLEVILLE",
    "latitudeNumber": 42.2279,
    "longitudeNumber": -83.4875
  },
  {
    "storeId": 3209,
    "storeName": "BIG RAPIDS MICHIGAN",
    "latitudeNumber": 43.6835,
    "longitudeNumber": -85.5159
  },
  {
    "storeId": 3362,
    "storeName": "BLOOMFIELD HILLS",
    "latitudeNumber": 42.6115,
    "longitudeNumber": -83.3071
  },
  {
    "storeId": 3299,
    "storeName": "CHESTERFIELD",
    "latitudeNumber": 42.633,
    "longitudeNumber": -82.8556
  },
  {
    "storeId": 3241,
    "storeName": "CLIO",
    "latitudeNumber": 43.1713,
    "longitudeNumber": -83.7741
  },
  {
    "storeId": 3101,
    "storeName": "COMSTOCK PARK",
    "latitudeNumber": 43.0389,
    "longitudeNumber": -85.6929
  },
  {
    "storeId": 3277,
    "storeName": "DAVISON",
    "latitudeNumber": 43.0197,
    "longitudeNumber": -83.5626
  },
  {
    "storeId": 3256,
    "storeName": "ESCANABA",
    "latitudeNumber": 45.7463,
    "longitudeNumber": -87.0942
  },
  {
    "storeId": 3520,
    "storeName": "HOLLAND MICHIGAN",
    "latitudeNumber": 42.782,
    "longitudeNumber": -86.0829
  },
  {
    "storeId": 3236,
    "storeName": "IONIA",
    "latitudeNumber": 42.9424,
    "longitudeNumber": -85.0741
  },
  {
    "storeId": 3161,
    "storeName": "JACKSON",
    "latitudeNumber": 42.2404,
    "longitudeNumber": -84.3515
  },
  {
    "storeId": 3317,
    "storeName": "KALAMAZOO",
    "latitudeNumber": 42.3215,
    "longitudeNumber": -85.5255
  },
  {
    "storeId": 3150,
    "storeName": "KALAMAZOO",
    "latitudeNumber": 42.2973,
    "longitudeNumber": -85.6842
  },
  {
    "storeId": 3351,
    "storeName": "LAKE ORION",
    "latitudeNumber": 42.7086,
    "longitudeNumber": -83.2989
  },
  {
    "storeId": 3158,
    "storeName": "LANSING SOUTH",
    "latitudeNumber": 42.66,
    "longitudeNumber": -84.5425
  },
  {
    "storeId": 3157,
    "storeName": "LANSING WEST",
    "latitudeNumber": 42.7388,
    "longitudeNumber": -84.6782
  },
  {
    "storeId": 3308,
    "storeName": "LIVONIA",
    "latitudeNumber": 42.378,
    "longitudeNumber": -83.3382
  },
  {
    "storeId": 3510,
    "storeName": "MARQUETTE",
    "latitudeNumber": 46.5475,
    "longitudeNumber": -87.4648
  },
  {
    "storeId": 3221,
    "storeName": "MT PLEASANT",
    "latitudeNumber": 43.5744,
    "longitudeNumber": -84.7576
  },
  {
    "storeId": 3102,
    "storeName": "MUSKEGON",
    "latitudeNumber": 43.1519,
    "longitudeNumber": -86.2068
  },
  {
    "storeId": 3307,
    "storeName": "PORT HURON",
    "latitudeNumber": 42.9861,
    "longitudeNumber": -82.4631
  },
  {
    "storeId": 3223,
    "storeName": "SAGINAW",
    "latitudeNumber": 43.4389,
    "longitudeNumber": -84.0314
  },
  {
    "storeId": 3225,
    "storeName": "SOUTH HAVEN",
    "latitudeNumber": 42.4102,
    "longitudeNumber": -86.2508
  },
  {
    "storeId": 3353,
    "storeName": "TAYLOR",
    "latitudeNumber": 42.1945,
    "longitudeNumber": -83.2467
  },
  {
    "storeId": 3301,
    "storeName": "THREE RIVERS",
    "latitudeNumber": 41.9313,
    "longitudeNumber": -85.6565
  },
  {
    "storeId": 3197,
    "storeName": "TRAVERSE CITY",
    "latitudeNumber": 44.6701,
    "longitudeNumber": -85.66
  },
  {
    "storeId": 3319,
    "storeName": "WARREN",
    "latitudeNumber": 42.5330,
    "longitudeNumber": -83.0294
  },
  {
    "storeId": 3320,
    "storeName": "WIXOM",
    "latitudeNumber": 42.5273,
    "longitudeNumber": -83.5354
  },
  {
    "storeId": 3144,
    "storeName": "WYOMING",
    "latitudeNumber": 42.8633,
    "longitudeNumber": -85.6859
  },
  {
    "storeId": 3183,
    "storeName": "ALEXANDRIA",
    "latitudeNumber": 45.8469,
    "longitudeNumber": -95.3798
  },
  {
    "storeId": 3047,
    "storeName": "APPLE VALLEY",
    "latitudeNumber": 44.7342,
    "longitudeNumber": -93.1996
  },
  {
    "storeId": 3163,
    "storeName": "BAXTER",
    "latitudeNumber": 46.3722,
    "longitudeNumber": -94.2431
  },
  {
    "storeId": 3269,
    "storeName": "BEMIDJI",
    "latitudeNumber": 47.4973,
    "longitudeNumber": -94.9164
  },
  {
    "storeId": 3188,
    "storeName": "BLAINE",
    "latitudeNumber": 45.1564,
    "longitudeNumber": -93.2327
  },
  {
    "storeId": 3051,
    "storeName": "BROOKLYN PARK",
    "latitudeNumber": 45.0969,
    "longitudeNumber": -93.3848
  },
  {
    "storeId": 3203,
    "storeName": "BUFFALO",
    "latitudeNumber": 45.1561,
    "longitudeNumber": -93.8466
  },
  {
    "storeId": 3021,
    "storeName": "BURNSVILLE",
    "latitudeNumber": 44.7758,
    "longitudeNumber": -93.3135
  },
  {
    "storeId": 3154,
    "storeName": "CAMBRIDGE",
    "latitudeNumber": 45.571,
    "longitudeNumber": -93.1952
  },
  {
    "storeId": 3028,
    "storeName": "COON RAPIDS",
    "latitudeNumber": 45.1983,
    "longitudeNumber": -93.3444
  },
  {
    "storeId": 3114,
    "storeName": "COTTAGE GROVE",
    "latitudeNumber": 44.8128,
    "longitudeNumber": -92.9262
  },
  {
    "storeId": 3213,
    "storeName": "DETROIT LAKES",
    "latitudeNumber": 46.8236,
    "longitudeNumber": -95.8777
  },
  {
    "storeId": 3074,
    "storeName": "WEST DULUTH",
    "latitudeNumber": 46.741,
    "longitudeNumber": -92.1597
  },
  {
    "storeId": 3177,
    "storeName": "DUNDAS",
    "latitudeNumber": 44.4262,
    "longitudeNumber": -93.1995
  },
  {
    "storeId": 3268,
    "storeName": "EDEN PRAIRIE",
    "latitudeNumber": 44.8652,
    "longitudeNumber": -93.436
  },
  {
    "storeId": 3125,
    "storeName": "ELK RIVER",
    "latitudeNumber": 45.3263,
    "longitudeNumber": -93.5598
  },
  {
    "storeId": 3128,
    "storeName": "FOREST LAKE",
    "latitudeNumber": 45.2804,
    "longitudeNumber": -93.0109
  },
  {
    "storeId": 3018,
    "storeName": "FRIDLEY",
    "latitudeNumber": 45.0638,
    "longitudeNumber": -93.2461
  },
  {
    "storeId": 3282,
    "storeName": "GOLDEN VALLEY",
    "latitudeNumber": 44.9723,
    "longitudeNumber": -93.3669
  },
  {
    "storeId": 3054,
    "storeName": "HERMANTOWN",
    "latitudeNumber": 46.8232,
    "longitudeNumber": -92.1871
  },
  {
    "storeId": 3155,
    "storeName": "HUTCHINSON",
    "latitudeNumber": 44.8651,
    "longitudeNumber": -94.3733
  },
  {
    "storeId": 3507,
    "storeName": "INTERNATIONAL FALLS",
    "latitudeNumber": 48.5862,
    "longitudeNumber": -93.4411
  },
  {
    "storeId": 3050,
    "storeName": "MANKATO",
    "latitudeNumber": 44.1824,
    "longitudeNumber": -93.951
  },
  {
    "storeId": 3137,
    "storeName": "MAPLE GROVE",
    "latitudeNumber": 45.1295,
    "longitudeNumber": -93.4898
  },
  {
    "storeId": 3059,
    "storeName": "MAPLEWOOD",
    "latitudeNumber": 45.0101,
    "longitudeNumber": -93.0539
  },
  {
    "storeId": 3270,
    "storeName": "MARSHALL",
    "latitudeNumber": 44.4307,
    "longitudeNumber": -95.766
  },
  {
    "storeId": 3229,
    "storeName": "MOORHEAD",
    "latitudeNumber": 46.8497,
    "longitudeNumber": -96.7279
  },
  {
    "storeId": 3300,
    "storeName": "NEW ULM",
    "latitudeNumber": 44.3269,
    "longitudeNumber": -94.508
  },
  {
    "storeId": 3129,
    "storeName": "STILLWATER",
    "latitudeNumber": 45.034,
    "longitudeNumber": -92.8395
  },
  {
    "storeId": 3022,
    "storeName": "OAKDALE",
    "latitudeNumber": 44.9944,
    "longitudeNumber": -92.9636
  },
  {
    "storeId": 3199,
    "storeName": "RED WING",
    "latitudeNumber": 44.5606,
    "longitudeNumber": -92.5836
  },
  {
    "storeId": 3297,
    "storeName": "RICHFIELD",
    "latitudeNumber": 44.8631,
    "longitudeNumber": -93.2764
  },
  {
    "storeId": 3314,
    "storeName": "ROCHESTER NORTH",
    "latitudeNumber": 44.0984,
    "longitudeNumber": -92.5152
  },
  {
    "storeId": 3013,
    "storeName": "ROCHESTER SOUTH",
    "latitudeNumber": 43.9786,
    "longitudeNumber": -92.4605
  },
  {
    "storeId": 3033,
    "storeName": "ROCHESTER NORTH",
    "latitudeNumber": 44.0769,
    "longitudeNumber": -92.5051
  },
  {
    "storeId": 3181,
    "storeName": "ST PAUL MIDWAY",
    "latitudeNumber": 44.9589,
    "longitudeNumber": -93.1831
  },
  {
    "storeId": 3295,
    "storeName": "VIRGINIA",
    "latitudeNumber": 47.5096,
    "longitudeNumber": -92.5572
  },
  {
    "storeId": 3015,
    "storeName": "ST CLOUD",
    "latitudeNumber": 45.5483,
    "longitudeNumber": -94.2304
  },
  {
    "storeId": 3017,
    "storeName": "WEST ST PAUL",
    "latitudeNumber": 44.9026,
    "longitudeNumber": -93.082
  },
  {
    "storeId": 3193,
    "storeName": "WILLMAR",
    "latitudeNumber": 45.0929,
    "longitudeNumber": -95.0453
  },
  {
    "storeId": 3172,
    "storeName": "WINONA",
    "latitudeNumber": 44.0337,
    "longitudeNumber": -91.6148
  },
  {
    "storeId": 3310,
    "storeName": "MANCHESTER",
    "latitudeNumber": 38.596,
    "longitudeNumber": -90.4983
  },
  {
    "storeId": 3341,
    "storeName": "BELTON",
    "latitudeNumber": 38.8215,
    "longitudeNumber": -94.521
  },
  {
    "storeId": 3286,
    "storeName": "CAPE GIRARDEAU",
    "latitudeNumber": 37.2899,
    "longitudeNumber": -89.5768
  },
  {
    "storeId": 3263,
    "storeName": "COLUMBIA",
    "latitudeNumber": 38.9763,
    "longitudeNumber": -92.288
  },
  {
    "storeId": 3334,
    "storeName": "FARMINGTON",
    "latitudeNumber": 37.7889,
    "longitudeNumber": -90.4412
  },
  {
    "storeId": 3340,
    "storeName": "HOLLISTER",
    "latitudeNumber": 36.6075,
    "longitudeNumber": -93.2285
  },
  {
    "storeId": 3335,
    "storeName": "INDEPENDENCE",
    "latitudeNumber": 39.0425,
    "longitudeNumber": -94.34
  },
  {
    "storeId": 3246,
    "storeName": "JEFFERSON CITY",
    "latitudeNumber": 38.5773,
    "longitudeNumber": -92.2204
  },
  {
    "storeId": 3342,
    "storeName": "KANSAS CITY",
    "latitudeNumber": 39.2548,
    "longitudeNumber": -94.6269
  },
  {
    "storeId": 3348,
    "storeName": "KIRKSVILLE",
    "latitudeNumber": 40.2275,
    "longitudeNumber": -92.5828
  },
  {
    "storeId": 3288,
    "storeName": "LAKE OZARK",
    "latitudeNumber": 38.181,
    "longitudeNumber": -92.6102
  },
  {
    "storeId": 3289,
    "storeName": "POPLAR BLUFF",
    "latitudeNumber": 36.7893,
    "longitudeNumber": -90.4462
  },
  {
    "storeId": 3352,
    "storeName": "ROLLA",
    "latitudeNumber": 37.9449,
    "longitudeNumber": -91.7969
  },
  {
    "storeId": 3318,
    "storeName": "SAINT ANN",
    "latitudeNumber": 38.7370,
    "longitudeNumber": -90.3983
  },
  {
    "storeId": 3326,
    "storeName": "SAINT LOUIS",
    "latitudeNumber": 38.6233,
    "longitudeNumber": -90.3342
  },
  {
    "storeId": 3264,
    "storeName": "SEDALIA",
    "latitudeNumber": 38.7183,
    "longitudeNumber": -93.2845
  },
  {
    "storeId": 3210,
    "storeName": "ST JOSEPH",
    "latitudeNumber": 39.7212,
    "longitudeNumber": -94.7911
  },
  {
    "storeId": 3305,
    "storeName": "ST. PETERS",
    "latitudeNumber": 38.793,
    "longitudeNumber": -90.6055
  },
  {
    "storeId": 3355,
    "storeName": "SPRINGFIELD",
    "latitudeNumber": 37.1864,
    "longitudeNumber": -93.3574
  },
  {
    "storeId": 3344,
    "storeName": "SPRINGFIELD",
    "latitudeNumber": 37.2096,
    "longitudeNumber": -93.2284
  },
  {
    "storeId": 3055,
    "storeName": "BISMARCK",
    "latitudeNumber": 46.8429,
    "longitudeNumber": -100.774
  },
  {
    "storeId": 3313,
    "storeName": "DICKINSON",
    "latitudeNumber": 46.8945,
    "longitudeNumber": -102.832
  },
  {
    "storeId": 3041,
    "storeName": "GRAND FORKS",
    "latitudeNumber": 47.8903,
    "longitudeNumber": -97.0796
  },
  {
    "storeId": 3324,
    "storeName": "JAMESTOWN",
    "latitudeNumber": 46.8853,
    "longitudeNumber": -98.7215
  },
  {
    "storeId": 3113,
    "storeName": "MINOT",
    "latitudeNumber": 48.2058,
    "longitudeNumber": -101.292
  },
  {
    "storeId": 3036,
    "storeName": "FARGO",
    "latitudeNumber": 46.8633,
    "longitudeNumber": -96.8788
  },
  {
    "storeId": 3330,
    "storeName": "WILLISTON",
    "latitudeNumber": 48.1741,
    "longitudeNumber": -103.6277
  },
  {
    "storeId": 3109,
    "storeName": "BELLEVUE",
    "latitudeNumber": 41.1569,
    "longitudeNumber": -95.9417
  },
  {
    "storeId": 3251,
    "storeName": "COLUMBUS NEBRASKA",
    "latitudeNumber": 41.4393,
    "longitudeNumber": -97.3222
  },
  {
    "storeId": 3230,
    "storeName": "ELKHORN",
    "latitudeNumber": 41.2642,
    "longitudeNumber": -96.2371
  },
  {
    "storeId": 3267,
    "storeName": "FREMONT",
    "latitudeNumber": 41.4524,
    "longitudeNumber": -96.4517
  },
  {
    "storeId": 3104,
    "storeName": "GRAND ISLAND",
    "latitudeNumber": 40.9399,
    "longitudeNumber": -98.3856
  },
  {
    "storeId": 3233,
    "storeName": "HASTINGS",
    "latitudeNumber": 40.6217,
    "longitudeNumber": -98.3817
  },
  {
    "storeId": 3200,
    "storeName": "KEARNEY",
    "latitudeNumber": 40.7357,
    "longitudeNumber": -99.0819
  },
  {
    "storeId": 3112,
    "storeName": "LINCOLN NORTH",
    "latitudeNumber": 40.8477,
    "longitudeNumber": -96.6792
  },
  {
    "storeId": 3179,
    "storeName": "LINCOLN SOUTH",
    "latitudeNumber": 40.7337,
    "longitudeNumber": -96.5978
  },
  {
    "storeId": 3103,
    "storeName": "NORFOLK",
    "latitudeNumber": 42.0269,
    "longitudeNumber": -97.4435
  },
  {
    "storeId": 3194,
    "storeName": "NORTH PLATTE",
    "latitudeNumber": 41.0938,
    "longitudeNumber": -100.763
  },
  {
    "storeId": 3068,
    "storeName": "OMAHA",
    "latitudeNumber": 41.2647,
    "longitudeNumber": -96.1025
  },
  {
    "storeId": 3309,
    "storeName": "RALSTON",
    "latitudeNumber": 41.2113,
    "longitudeNumber": -96.0268
  },
  {
    "storeId": 3260,
    "storeName": "SCOTTSBLUFF",
    "latitudeNumber": 41.8652,
    "longitudeNumber": -103.634
  },
  {
    "storeId": 3372,
    "storeName": "ATHENS",
    "latitudeNumber": 39.3331,
    "longitudeNumber": -82.0458
  },
  {
    "storeId": 3357,
    "storeName": "AVON",
    "latitudeNumber": 41.46787,
    "longitudeNumber": -82.0118
  },
  {
    "storeId": 3244,
    "storeName": "CELINA",
    "latitudeNumber": 40.555,
    "longitudeNumber": -84.543
  },
  {
    "storeId": 3255,
    "storeName": "CHILLICOTHE",
    "latitudeNumber": 39.3654,
    "longitudeNumber": -82.9777
  },
  {
    "storeId": 3358,
    "storeName": "CLEVELAND",
    "latitudeNumber": 41.4195,
    "longitudeNumber": -81.7449
  },
  {
    "storeId": 3365,
    "storeName": "COLUMBUS",
    "latitudeNumber": 39.9669085,
    "longitudeNumber": -83.1496626
  },
  {
    "storeId": 3273,
    "storeName": "COLUMBUS OHIO",
    "latitudeNumber": 40.0591,
    "longitudeNumber": -82.9716
  },
  {
    "storeId": 3280,
    "storeName": "COLUMBUS OH EAST",
    "latitudeNumber": 39.982,
    "longitudeNumber": -82.8237
  },
  {
    "storeId": 3347,
    "storeName": "CUYAHOGA FALLS",
    "latitudeNumber": 41.1526,
    "longitudeNumber": -81.5074
  },
  {
    "storeId": 3170,
    "storeName": "DEFIANCE",
    "latitudeNumber": 41.3148,
    "longitudeNumber": -84.3592
  },
  {
    "storeId": 3311,
    "storeName": "EVENDALE",
    "latitudeNumber": 39.2521,
    "longitudeNumber": -84.4281
  },
  {
    "storeId": 3369,
    "storeName": "FAIRBORN",
    "latitudeNumber": 39.7862,
    "longitudeNumber": -83.9949
  },
  {
    "storeId": 3187,
    "storeName": "FINDLAY",
    "latitudeNumber": 41.0585,
    "longitudeNumber": -83.5897
  },
  {
    "storeId": 3274,
    "storeName": "FAIRFIELD TOWNSHIP",
    "latitudeNumber": 39.3894,
    "longitudeNumber": -84.5182
  },
  {
    "storeId": 3201,
    "storeName": "HOLLAND OHIO",
    "latitudeNumber": 41.6091,
    "longitudeNumber": -83.7072
  },
  {
    "storeId": 3371,
    "storeName": "KENT",
    "latitudeNumber": 41.1051,
    "longitudeNumber": -81.3878
  },
  {
    "storeId": 3234,
    "storeName": "LANCASTER",
    "latitudeNumber": 39.7387,
    "longitudeNumber": -82.6398
  },
  {
    "storeId": 3312,
    "storeName": "LEWIS CENTER",
    "latitudeNumber": 40.1863,
    "longitudeNumber": -83.0237
  },
  {
    "storeId": 3184,
    "storeName": "LIMA",
    "latitudeNumber": 40.7753,
    "longitudeNumber": -84.1635
  },
  {
    "storeId": 3331,
    "storeName": "LOVELAND",
    "latitudeNumber": 39.2960,
    "longitudeNumber": -84.2917
  },
  {
    "storeId": 3214,
    "storeName": "MARION OHIO",
    "latitudeNumber": 40.5827,
    "longitudeNumber": -83.0661
  },
  {
    "storeId": 3258,
    "storeName": "MASSILLON",
    "latitudeNumber": 40.7533,
    "longitudeNumber": -81.5173
  },
  {
    "storeId": 3364,
    "storeName": "MENTOR",
    "latitudeNumber": 41.7142,
    "longitudeNumber": -81.2956
  },
  {
    "storeId": 3296,
    "storeName": "MIAMISBURG",
    "latitudeNumber": 39.6263,
    "longitudeNumber": -84.2244
  },
  {
    "storeId": 3336,
    "storeName": "NEW PHILADELPHIA",
    "latitudeNumber": 40.5000,
    "longitudeNumber": -81.4794
  },
  {
    "storeId": 3259,
    "storeName": "ONTARIO",
    "latitudeNumber": 40.7866,
    "longitudeNumber": -82.5861
  },
  {
    "storeId": 3204,
    "storeName": "OREGON",
    "latitudeNumber": 41.6224,
    "longitudeNumber": -83.473
  },
  {
    "storeId": 3265,
    "storeName": "SANDUSKY",
    "latitudeNumber": 41.425,
    "longitudeNumber": -82.6746
  },
  {
    "storeId": 3216,
    "storeName": "SIDNEY",
    "latitudeNumber": 40.2898,
    "longitudeNumber": -84.2024
  },
  {
    "storeId": 3240,
    "storeName": "TIPP CITY",
    "latitudeNumber": 39.9636,
    "longitudeNumber": -84.1913
  },
  {
    "storeId": 3242,
    "storeName": "TOLEDO NORTH",
    "latitudeNumber": 41.7233,
    "longitudeNumber": -83.5153
  },
  {
    "storeId": 3316,
    "storeName": "WARREN",
    "latitudeNumber": 41.2721,
    "longitudeNumber": -80.7806
  },
  {
    "storeId": 3132,
    "storeName": "ABERDEEN",
    "latitudeNumber": 45.4598,
    "longitudeNumber": -98.4357
  },
  {
    "storeId": 3515,
    "storeName": "MITCHELL",
    "latitudeNumber": 43.6861,
    "longitudeNumber": -98.015
  },
  {
    "storeId": 3321,
    "storeName": "PIERRE",
    "latitudeNumber": 44.3793,
    "longitudeNumber": -100.3154
  },
  {
    "storeId": 3133,
    "storeName": "RAPID CITY",
    "latitudeNumber": 44.0906,
    "longitudeNumber": -103.182
  },
  {
    "storeId": 3064,
    "storeName": "SIOUX FALLS WEST",
    "latitudeNumber": 43.5192,
    "longitudeNumber": -96.7755
  },
  {
    "storeId": 3192,
    "storeName": "SIOUX FALLS EAST",
    "latitudeNumber": 43.5462,
    "longitudeNumber": -96.655
  },
  {
    "storeId": 3097,
    "storeName": "WATERTOWN",
    "latitudeNumber": 44.8891,
    "longitudeNumber": -97.0818
  },
  {
    "storeId": 3292,
    "storeName": "YANKTON",
    "latitudeNumber": 42.9103,
    "longitudeNumber": -97.3974
  },
  {
    "storeId": 3205,
    "storeName": "ANTIGO",
    "latitudeNumber": 45.1614,
    "longitudeNumber": -89.136
  },
  {
    "storeId": 3111,
    "storeName": "APPLETON EAST",
    "latitudeNumber": 44.2603,
    "longitudeNumber": -88.3592
  },
  {
    "storeId": 3190,
    "storeName": "BARABOO",
    "latitudeNumber": 43.4555,
    "longitudeNumber": -89.7707
  },
  {
    "storeId": 3224,
    "storeName": "BEAVER DAM",
    "latitudeNumber": 43.4889,
    "longitudeNumber": -88.8084
  },
  {
    "storeId": 3217,
    "storeName": "BELOIT",
    "latitudeNumber": 42.5266,
    "longitudeNumber": -88.9823
  },
  {
    "storeId": 3212,
    "storeName": "BURLINGTON",
    "latitudeNumber": 42.7073,
    "longitudeNumber": -88.2405
  },
  {
    "storeId": 3281,
    "storeName": "DE PERE",
    "latitudeNumber": 44.435,
    "longitudeNumber": -88.101
  },
  {
    "storeId": 3053,
    "storeName": "EAU CLAIRE EAST",
    "latitudeNumber": 44.7803,
    "longitudeNumber": -91.4356
  },
  {
    "storeId": 3011,
    "storeName": "EAU CLAIRE WEST",
    "latitudeNumber": 44.8313,
    "longitudeNumber": -91.5457
  },
  {
    "storeId": 3106,
    "storeName": "FOND DU LAC",
    "latitudeNumber": 43.786,
    "longitudeNumber": -88.4904
  },
  {
    "storeId": 3195,
    "storeName": "FRANKLIN",
    "latitudeNumber": 42.925,
    "longitudeNumber": -88.0503
  },
  {
    "storeId": 3173,
    "storeName": "GERMANTOWN",
    "latitudeNumber": 43.1953,
    "longitudeNumber": -88.1404
  },
  {
    "storeId": 3030,
    "storeName": "APPLETON WEST",
    "latitudeNumber": 44.2708,
    "longitudeNumber": -88.4834
  },
  {
    "storeId": 3123,
    "storeName": "GREEN BAY EAST",
    "latitudeNumber": 44.4675,
    "longitudeNumber": -87.9556
  },
  {
    "storeId": 3294,
    "storeName": "HOWARD",
    "latitudeNumber": 44.5451,
    "longitudeNumber": -88.074
  },
  {
    "storeId": 3089,
    "storeName": "HUDSON",
    "latitudeNumber": 44.9564,
    "longitudeNumber": -92.7225
  },
  {
    "storeId": 3252,
    "storeName": "JANESVILLE",
    "latitudeNumber": 42.7236,
    "longitudeNumber": -88.9991
  },
  {
    "storeId": 3159,
    "storeName": "JOHNSON CREEK",
    "latitudeNumber": 43.0813,
    "longitudeNumber": -88.7611
  },
  {
    "storeId": 3127,
    "storeName": "KENOSHA",
    "latitudeNumber": 42.5686,
    "longitudeNumber": -87.896
  },
  {
    "storeId": 3012,
    "storeName": "LA CROSSE",
    "latitudeNumber": 43.8311,
    "longitudeNumber": -91.2411
  },
  {
    "storeId": 3058,
    "storeName": "MADISON WEST",
    "latitudeNumber": 43.059,
    "longitudeNumber": -89.5244
  },
  {
    "storeId": 3141,
    "storeName": "MANITOWOC",
    "latitudeNumber": 44.0743,
    "longitudeNumber": -87.7162
  },
  {
    "storeId": 3162,
    "storeName": "MARINETTE",
    "latitudeNumber": 45.0829,
    "longitudeNumber": -87.6561
  },
  {
    "storeId": 3147,
    "storeName": "MARSHFIELD",
    "latitudeNumber": 44.6906,
    "longitudeNumber": -90.1586
  },
  {
    "storeId": 3029,
    "storeName": "MILWAUKEE",
    "latitudeNumber": 43.1803,
    "longitudeNumber": -88.0105
  },
  {
    "storeId": 3034,
    "storeName": "MONONA",
    "latitudeNumber": 43.0493,
    "longitudeNumber": -89.3115
  },
  {
    "storeId": 3032,
    "storeName": "OAK CREEK",
    "latitudeNumber": 42.9221,
    "longitudeNumber": -87.948
  },
  {
    "storeId": 3115,
    "storeName": "ONALASKA",
    "latitudeNumber": 43.9034,
    "longitudeNumber": -91.2241
  },
  {
    "storeId": 3025,
    "storeName": "OSHKOSH",
    "latitudeNumber": 44.0292,
    "longitudeNumber": -88.5896
  },
  {
    "storeId": 3143,
    "storeName": "PEWAUKEE",
    "latitudeNumber": 43.0853,
    "longitudeNumber": -88.2314
  },
  {
    "storeId": 3231,
    "storeName": "PLATTEVILLE",
    "latitudeNumber": 42.732,
    "longitudeNumber": -90.4388
  },
  {
    "storeId": 3107,
    "storeName": "PLOVER",
    "latitudeNumber": 44.4532,
    "longitudeNumber": -89.527
  },
  {
    "storeId": 3168,
    "storeName": "RHINELANDER",
    "latitudeNumber": 45.6631,
    "longitudeNumber": -89.3774
  },
  {
    "storeId": 3152,
    "storeName": "RICE LAKE",
    "latitudeNumber": 45.4713,
    "longitudeNumber": -91.7542
  },
  {
    "storeId": 3247,
    "storeName": "SHEBOYGAN",
    "latitudeNumber": 43.7978,
    "longitudeNumber": -87.7677
  },
  {
    "storeId": 3220,
    "storeName": "ST. CROIX FALLS",
    "latitudeNumber": 45.396,
    "longitudeNumber": -92.5877
  },
  {
    "storeId": 3043,
    "storeName": "RACINE",
    "latitudeNumber": 42.6951,
    "longitudeNumber": -87.8703
  },
  {
    "storeId": 3346,
    "storeName": "SUN PRAIRIE",
    "latitudeNumber": 43.1738,
    "longitudeNumber": -89.2658
  },
  {
    "storeId": 3139,
    "storeName": "SUPERIOR",
    "latitudeNumber": 46.6868,
    "longitudeNumber": -92.1066
  },
  {
    "storeId": 3261,
    "storeName": "WAUKESHA",
    "latitudeNumber": 43.0361,
    "longitudeNumber": -88.1813
  },
  {
    "storeId": 3016,
    "storeName": "WAUSAU",
    "latitudeNumber": 44.9562,
    "longitudeNumber": -89.6719
  },
  {
    "storeId": 3052,
    "storeName": "WEST ALLIS",
    "latitudeNumber": 42.9984,
    "longitudeNumber": -88.0489
  },
  {
    "storeId": 3149,
    "storeName": "WEST BEND",
    "latitudeNumber": 43.397,
    "longitudeNumber": -88.1836
  },
  {
    "storeId": 3226,
    "storeName": "WEST MILWAUKEE",
    "latitudeNumber": 43.0067,
    "longitudeNumber": -87.9691
  },
  {
    "storeId": 3370,
    "storeName": "BARBOURSVILLE",
    "latitudeNumber": 38.4012,
    "longitudeNumber": -82.3116
  },
  {
    "storeId": 3368,
    "storeName": "TRIADELPHIA",
    "latitudeNumber": 40.0502,
    "longitudeNumber": -80.6068
  },
  {
    "storeId": 3380,
    "storeName": "WESTOVER",
    "latitudeNumber": 39.6193,
    "longitudeNumber": -80.0400
  },
  {
    "storeId": 3243,
    "storeName": "CASPER",
    "latitudeNumber": 42.8445,
    "longitudeNumber": -106.237
  },
  {
    "storeId": 3287,
    "storeName": "CHEYENNE WY",
    "latitudeNumber": 41.158,
    "longitudeNumber": -104.779
  },
  {
    "storeId": 3325,
    "storeName": "GILLETTE",
    "latitudeNumber": 44.269,
    "longitudeNumber": -105.4955
  }
]
