{
  "topPerformersSalesMap": {
    "231355": {
      "skuImage": "https://images.homedepot-static.com/productImages/e9009c40-9ff3-49d6-a123-6a96d02ae899/svn/ply-gem-gable-vents-%26-louvers-rdgvh04h-64_100.jpg",
      "vendorName": "Multiple",
      "skuDescription": "15/32\" 4'X8' PLYWOOD (4-P)",
      "netSalesComp": 39.47,
      "netUnitsComp": 61.61
    },
    "439592": {
      "skuImage": "https://images.homedepot-static.com/productImages/e9009c40-9ff3-49d6-a123-6a96d02ae899/svn/ply-gem-gable-vents-%26-louvers-rdgvh04h-64_100.jpg",
      "vendorName": "Multiple",
      "skuDescription": "15/32\" 4'X8' SHEATHING (5-PLY)",
      "netSalesComp": 61.79,
      "netUnitsComp": 114.02
    },
    "439606": {
      "skuImage": "https://images.homedepot-static.com/productImages/e9009c40-9ff3-49d6-a123-6a96d02ae899/svn/ply-gem-gable-vents-%26-louvers-rdgvh04h-64_100.jpg",
      "vendorName": "Multiple",
      "skuDescription": "19/32\" 4'X8' SHEATHING",
      "netSalesComp": 22.4,
      "netUnitsComp": 55.63
    },
    "439614": {
      "skuImage": "https://images.homedepot-static.com/productImages/e9009c40-9ff3-49d6-a123-6a96d02ae899/svn/ply-gem-gable-vents-%26-louvers-rdgvh04h-64_100.jpg",
      "vendorName": "Multiple",
      "skuDescription": "23/32\" 4'X8' SHEATHING",
      "netSalesComp": 39.54,
      "netUnitsComp": 81.73
    },
    "915378": {
      "skuImage": "https://images.homedepot-static.com/productImages/e9009c40-9ff3-49d6-a123-6a96d02ae899/svn/ply-gem-gable-vents-%26-louvers-rdgvh04h-64_100.jpg",
      "vendorName": "Multiple",
      "skuDescription": "15/32\" 4'X8' SHEATHING (4-PLY)",
      "netSalesComp": 21.07,
      "netUnitsComp": 45.68
    }
  },
  "bottomPerformersSalesMap": {
    "166065": {
      "skuImage": "https://images.homedepot-static.com/productImages/e9009c40-9ff3-49d6-a123-6a96d02ae899/svn/ply-gem-gable-vents-%26-louvers-rdgvh04h-64_100.jpg",
      "vendorName": "Multiple",
      "skuDescription": "11/32\" 4'X8' PLYWOOD",
      "netSalesComp": 9.07,
      "netUnitsComp": 11.68
    },
    "166073": {
      "skuImage": "https://images.homedepot-static.com/productImages/e9009c40-9ff3-49d6-a123-6a96d02ae899/svn/ply-gem-gable-vents-%26-louvers-rdgvh04h-64_100.jpg",
      "vendorName": "Multiple",
      "skuDescription": "15/32\" 4'X8' PLYWOOD (3-P)",
      "netSalesComp": 9.99,
      "netUnitsComp": 24.72
    },
    "166081": {
      "skuImage": "https://images.homedepot-static.com/productImages/e9009c40-9ff3-49d6-a123-6a96d02ae899/svn/ply-gem-gable-vents-%26-louvers-rdgvh04h-64_100.jpg",
      "vendorName": "Multiple",
      "skuDescription": "19/32\" 4'X8' PLYWOOD",
      "netSalesComp": 3.36,
      "netUnitsComp": 13.42
    },
    "166103": {
      "skuImage": "https://images.homedepot-static.com/productImages/e9009c40-9ff3-49d6-a123-6a96d02ae899/svn/ply-gem-gable-vents-%26-louvers-rdgvh04h-64_100.jpg",
      "vendorName": "Multiple",
      "skuDescription": "23/32\" 4'X8' PLYWOOD",
      "netSalesComp": 20.2,
      "netUnitsComp": 39.55
    },
    "724084": {
      "skuImage": "https://images.homedepot-static.com/productImages/e9009c40-9ff3-49d6-a123-6a96d02ae899/svn/ply-gem-gable-vents-%26-louvers-rdgvh04h-64_100.jpg",
      "vendorName": "Multiple",
      "skuDescription": "23/32\" 4'X8' T&G PLYWOOD",
      "netSalesComp": 1.54,
      "netUnitsComp": 12.44
    }
  },
  "disasterStoreMap": {
    "105": {
      "storeId": 105,
      "storeName": "DULUTH",
      "latitudeNumber": 33.947795,
      "longitudeNumber": -84.131869
    },
    "106": {
      "storeId": 106,
      "storeName": "KENNESAW",
      "latitudeNumber": 34.009376,
      "longitudeNumber": -84.564693
    },
    "118": {
      "storeId": 118,
      "storeName": "WESLEY CHAPEL",
      "latitudeNumber": 33.714799,
      "longitudeNumber": -84.213673
    },
    "121": {
      "storeId": 121,
      "storeName": "CUMBERLAND",
      "latitudeNumber": 33.86247,
      "longitudeNumber": -84.477549
    },
    "126": {
      "storeId": 126,
      "storeName": "LAWRENCEVILLE",
      "latitudeNumber": 33.945058,
      "longitudeNumber": -84.009167
    },
    "127": {
      "storeId": 127,
      "storeName": "FAYETTEVILLE, GA",
      "latitudeNumber": 33.479542,
      "longitudeNumber": -84.44318
    },
    "128": {
      "storeId": 128,
      "storeName": "CONYERS",
      "latitudeNumber": 33.653492,
      "longitudeNumber": -84.002067
    },
    "130": {
      "storeId": 130,
      "storeName": "CASCADE",
      "latitudeNumber": 33.727335,
      "longitudeNumber": -84.505804
    },
    "131": {
      "storeId": 131,
      "storeName": "N FULTON",
      "latitudeNumber": 34.01631,
      "longitudeNumber": -84.187879
    },
    "132": {
      "storeId": 132,
      "storeName": "CARROLLTON, GA",
      "latitudeNumber": 33.55418,
      "longitudeNumber": -85.073186
    },
    "133": {
      "storeId": 133,
      "storeName": "CARTERSVILLE",
      "latitudeNumber": 34.1883,
      "longitudeNumber": -84.7957
    },
    "134": {
      "storeId": 134,
      "storeName": "CUMMING",
      "latitudeNumber": 34.18078,
      "longitudeNumber": -84.132641
    },
    "138": {
      "storeId": 138,
      "storeName": "GRIFFIN",
      "latitudeNumber": 33.244528,
      "longitudeNumber": -84.307754
    },
    "139": {
      "storeId": 139,
      "storeName": "ROME",
      "latitudeNumber": 34.252311,
      "longitudeNumber": -85.163257
    },
    "143": {
      "storeId": 143,
      "storeName": "DOUGLASVILLE",
      "latitudeNumber": 33.723824,
      "longitudeNumber": -84.769232
    },
    "144": {
      "storeId": 144,
      "storeName": "SNELLVILLE",
      "latitudeNumber": 33.88277,
      "longitudeNumber": -84.010958
    },
    "145": {
      "storeId": 145,
      "storeName": "CANTON, GA",
      "latitudeNumber": 34.254955,
      "longitudeNumber": -84.474976
    },
    "146": {
      "storeId": 146,
      "storeName": "NW ROSWELL/WESTWIND",
      "latitudeNumber": 34.060513,
      "longitudeNumber": -84.386677
    },
    "147": {
      "storeId": 147,
      "storeName": "BUFORD",
      "latitudeNumber": 34.091796,
      "longitudeNumber": -84.00089
    },
    "148": {
      "storeId": 148,
      "storeName": "NEWNAN",
      "latitudeNumber": 33.397074,
      "longitudeNumber": -84.742162
    },
    "149": {
      "storeId": 149,
      "storeName": "ALPHARETTA",
      "latitudeNumber": 34.09035,
      "longitudeNumber": -84.275096
    },
    "151": {
      "storeId": 151,
      "storeName": "PAULDING COUNTY",
      "latitudeNumber": 33.889403,
      "longitudeNumber": -84.751864
    },
    "152": {
      "storeId": 152,
      "storeName": "GAINESVILLE, GA",
      "latitudeNumber": 34.299195,
      "longitudeNumber": -83.857104
    },
    "153": {
      "storeId": 153,
      "storeName": "WEST COBB",
      "latitudeNumber": 33.946141,
      "longitudeNumber": -84.620808
    },
    "154": {
      "storeId": 154,
      "storeName": "SANDY SPRINGS",
      "latitudeNumber": 33.929289,
      "longitudeNumber": -84.352542
    },
    "156": {
      "storeId": 156,
      "storeName": "ACWORTH",
      "latitudeNumber": 34.036255,
      "longitudeNumber": -84.685582
    },
    "157": {
      "storeId": 157,
      "storeName": "MCDONOUGH",
      "latitudeNumber": 33.463679,
      "longitudeNumber": -84.214206
    },
    "159": {
      "storeId": 159,
      "storeName": "MIDTOWN",
      "latitudeNumber": 33.773346,
      "longitudeNumber": -84.365392
    },
    "160": {
      "storeId": 160,
      "storeName": "LAGRANGE",
      "latitudeNumber": 33.04199,
      "longitudeNumber": -84.983549
    },
    "161": {
      "storeId": 161,
      "storeName": "HAMILTON MILL",
      "latitudeNumber": 34.071058,
      "longitudeNumber": -83.912796
    },
    "164": {
      "storeId": 164,
      "storeName": "PEACHTREE CITY",
      "latitudeNumber": 33.396925,
      "longitudeNumber": -84.599039
    },
    "165": {
      "storeId": 165,
      "storeName": "COVINGTON,GA",
      "latitudeNumber": 33.625215,
      "longitudeNumber": -83.831808
    },
    "172": {
      "storeId": 172,
      "storeName": "LOGANVILLE",
      "latitudeNumber": 33.84434,
      "longitudeNumber": -83.909361
    },
    "174": {
      "storeId": 174,
      "storeName": "DAWSONVILLE",
      "latitudeNumber": 34.356649,
      "longitudeNumber": -84.045348
    },
    "175": {
      "storeId": 175,
      "storeName": "TUCKER",
      "latitudeNumber": 33.870721,
      "longitudeNumber": -84.18814
    },
    "178": {
      "storeId": 178,
      "storeName": "RIVERDALE, GA",
      "latitudeNumber": 33.564265,
      "longitudeNumber": -84.408362
    },
    "202": {
      "storeId": 202,
      "storeName": "HIALEAH",
      "latitudeNumber": 25.866521,
      "longitudeNumber": -80.314641
    },
    "204": {
      "storeId": 204,
      "storeName": "BOCA RATON",
      "latitudeNumber": 26.367837,
      "longitudeNumber": -80.199091
    },
    "205": {
      "storeId": 205,
      "storeName": "LAKE WORTH",
      "latitudeNumber": 26.618343,
      "longitudeNumber": -80.109212
    },
    "206": {
      "storeId": 206,
      "storeName": "WEST DADE",
      "latitudeNumber": 25.73196,
      "longitudeNumber": -80.378067
    },
    "207": {
      "storeId": 207,
      "storeName": "CUTLER RIDGE",
      "latitudeNumber": 25.58782,
      "longitudeNumber": -80.364714
    },
    "208": {
      "storeId": 208,
      "storeName": "POMPANO BEACH",
      "latitudeNumber": 26.260435,
      "longitudeNumber": -80.141512
    },
    "209": {
      "storeId": 209,
      "storeName": "NW DADE",
      "latitudeNumber": 25.924817,
      "longitudeNumber": -80.290438
    },
    "210": {
      "storeId": 210,
      "storeName": "KENDALL",
      "latitudeNumber": 25.685749,
      "longitudeNumber": -80.400688
    },
    "213": {
      "storeId": 213,
      "storeName": "VERO BEACH",
      "latitudeNumber": 27.636625,
      "longitudeNumber": -80.446763
    },
    "220": {
      "storeId": 220,
      "storeName": "LAKE PARK",
      "latitudeNumber": 26.808602,
      "longitudeNumber": -80.095528
    },
    "221": {
      "storeId": 221,
      "storeName": "JENSEN BEACH",
      "latitudeNumber": 27.247143,
      "longitudeNumber": -80.273032
    },
    "222": {
      "storeId": 222,
      "storeName": "DAVIE",
      "latitudeNumber": 26.09269,
      "longitudeNumber": -80.251179
    },
    "224": {
      "storeId": 224,
      "storeName": "BOYNTON BEACH",
      "latitudeNumber": 26.516338,
      "longitudeNumber": -80.077212
    },
    "234": {
      "storeId": 234,
      "storeName": "MERRITT ISLAND",
      "latitudeNumber": 28.358183,
      "longitudeNumber": -80.70011
    },
    "249": {
      "storeId": 249,
      "storeName": "OAKLAND PARK",
      "latitudeNumber": 26.165826,
      "longitudeNumber": -80.166219
    },
    "251": {
      "storeId": 251,
      "storeName": "N MIAMI BEACH",
      "latitudeNumber": 25.925501,
      "longitudeNumber": -80.175186
    },
    "255": {
      "storeId": 255,
      "storeName": "SARASOTA",
      "latitudeNumber": 27.294834,
      "longitudeNumber": -82.45163
    },
    "256": {
      "storeId": 256,
      "storeName": "STADIUM",
      "latitudeNumber": 27.957564,
      "longitudeNumber": -82.505653
    },
    "258": {
      "storeId": 258,
      "storeName": "SUNRISE",
      "latitudeNumber": 26.160598,
      "longitudeNumber": -80.257402
    },
    "260": {
      "storeId": 260,
      "storeName": "MELBOURNE",
      "latitudeNumber": 28.078763,
      "longitudeNumber": -80.666711
    },
    "274": {
      "storeId": 274,
      "storeName": "JUPITER",
      "latitudeNumber": 26.934152,
      "longitudeNumber": -80.123544
    },
    "277": {
      "storeId": 277,
      "storeName": "MIAMI (CALLE OCHO)",
      "latitudeNumber": 25.765019,
      "longitudeNumber": -80.243477
    },
    "283": {
      "storeId": 283,
      "storeName": "FT PIERCE",
      "latitudeNumber": 27.417338,
      "longitudeNumber": -80.384304
    },
    "284": {
      "storeId": 284,
      "storeName": "CORAL SPRINGS",
      "latitudeNumber": 26.240818,
      "longitudeNumber": -80.254373
    },
    "285": {
      "storeId": 285,
      "storeName": "HOLLYWOOD, FL",
      "latitudeNumber": 25.9882,
      "longitudeNumber": -80.2143
    },
    "1749": {
      "storeId": 1749,
      "storeName": "AUSTELL",
      "latitudeNumber": 21.3169835,
      "longitudeNumber": -157.8730957
    },
    "1750": {
      "storeId": 1750,
      "storeName": "BLAIRSVILLE",
      "latitudeNumber": 34.880443,
      "longitudeNumber": -83.954475
    },
    "1754": {
      "storeId": 1754,
      "storeName": "SUWANEE",
      "latitudeNumber": 34.005162,
      "longitudeNumber": -84.078408
    },
    "1755": {
      "storeId": 1755,
      "storeName": "ROSWELL",
      "latitudeNumber": 34.019265,
      "longitudeNumber": -84.315027
    },
    "1763": {
      "storeId": 1763,
      "storeName": "SANDY PLAIN",
      "latitudeNumber": 34.03677,
      "longitudeNumber": -84.462399
    },
    "1764": {
      "storeId": 1764,
      "storeName": "COMMERCE,GA",
      "latitudeNumber": 34.258078,
      "longitudeNumber": -83.465148
    },
    "1771": {
      "storeId": 1771,
      "storeName": "BLUE RIDGE",
      "latitudeNumber": 34.874902,
      "longitudeNumber": -84.322216
    },
    "1774": {
      "storeId": 1774,
      "storeName": "MONROE, GA",
      "latitudeNumber": 33.7963,
      "longitudeNumber": -83.7439
    },
    "1775": {
      "storeId": 1775,
      "storeName": "N LILBURN",
      "latitudeNumber": 33.904064,
      "longitudeNumber": -84.114545
    },
    "1777": {
      "storeId": 1777,
      "storeName": "KENNESAW NORTH",
      "latitudeNumber": 34.05099,
      "longitudeNumber": -84.594885
    },
    "1856": {
      "storeId": 1856,
      "storeName": "FLOWERY BRANCH",
      "latitudeNumber": 34.177668,
      "longitudeNumber": -83.912206
    },
    "4701": {
      "storeId": 4701,
      "storeName": "TACOMA",
      "latitudeNumber": 47.193612,
      "longitudeNumber": -122.46308
    },
    "4702": {
      "storeId": 4702,
      "storeName": "LANDER",
      "latitudeNumber": 47.579788,
      "longitudeNumber": -122.335109
    },
    "4703": {
      "storeId": 4703,
      "storeName": "FEDERAL WAY",
      "latitudeNumber": 47.28619,
      "longitudeNumber": -122.31093
    },
    "4704": {
      "storeId": 4704,
      "storeName": "ISSAQUAH, WA",
      "latitudeNumber": 47.54661,
      "longitudeNumber": -122.039829
    },
    "4705": {
      "storeId": 4705,
      "storeName": "SOUTHCENTER",
      "latitudeNumber": 47.441243,
      "longitudeNumber": -122.247769
    },
    "4706": {
      "storeId": 4706,
      "storeName": "BITTERLAKE",
      "latitudeNumber": 47.713703,
      "longitudeNumber": -122.344873
    },
    "4707": {
      "storeId": 4707,
      "storeName": "AURORA",
      "latitudeNumber": 47.777805,
      "longitudeNumber": -122.342356
    },
    "4708": {
      "storeId": 4708,
      "storeName": "OLYMPIA",
      "latitudeNumber": 27.715339,
      "longitudeNumber": -82.375859
    },
    "4709": {
      "storeId": 4709,
      "storeName": "PUYALLUP",
      "latitudeNumber": 47.158461,
      "longitudeNumber": -122.289206
    },
    "4711": {
      "storeId": 4711,
      "storeName": "BELLEVUE, WA",
      "latitudeNumber": 47.613199,
      "longitudeNumber": -122.180267
    },
    "4712": {
      "storeId": 4712,
      "storeName": "BOTHELL",
      "latitudeNumber": 47.758684,
      "longitudeNumber": -122.173916
    },
    "4713": {
      "storeId": 4713,
      "storeName": "EVERETT",
      "latitudeNumber": 47.890247,
      "longitudeNumber": -122.257647
    },
    "4715": {
      "storeId": 4715,
      "storeName": "BELLINGHAM, WA",
      "latitudeNumber": 48.784355,
      "longitudeNumber": -122.481288
    },
    "4716": {
      "storeId": 4716,
      "storeName": "SILVERDALE",
      "latitudeNumber": 47.663573,
      "longitudeNumber": -122.683635
    },
    "4720": {
      "storeId": 4720,
      "storeName": "N TACOMA",
      "latitudeNumber": 47.234375,
      "longitudeNumber": -122.4988
    },
    "4722": {
      "storeId": 4722,
      "storeName": "KENT",
      "latitudeNumber": 47.367825,
      "longitudeNumber": -122.202284
    },
    "4723": {
      "storeId": 4723,
      "storeName": "REDMOND,WA",
      "latitudeNumber": 47.67164,
      "longitudeNumber": -122.103917
    },
    "4724": {
      "storeId": 4724,
      "storeName": "TUMWATER",
      "latitudeNumber": 46.99248,
      "longitudeNumber": -122.918439
    },
    "4726": {
      "storeId": 4726,
      "storeName": "TULALIP",
      "latitudeNumber": 48.081185,
      "longitudeNumber": -122.185459
    },
    "4728": {
      "storeId": 4728,
      "storeName": "GIG HARBOR",
      "latitudeNumber": 47.359792,
      "longitudeNumber": -122.605485
    },
    "4737": {
      "storeId": 4737,
      "storeName": "COVINGTON,WA",
      "latitudeNumber": 47.36605,
      "longitudeNumber": -122.0949
    },
    "4741": {
      "storeId": 4741,
      "storeName": "POULSBO",
      "latitudeNumber": 47.761506,
      "longitudeNumber": -122.660457
    },
    "4742": {
      "storeId": 4742,
      "storeName": "LACEY",
      "latitudeNumber": 47.059961,
      "longitudeNumber": -122.76467
    },
    "4745": {
      "storeId": 4745,
      "storeName": "SNOHOMISH",
      "latitudeNumber": 47.942126,
      "longitudeNumber": -122.108514
    },
    "4747": {
      "storeId": 4747,
      "storeName": "SPANAWAY",
      "latitudeNumber": 47.11903,
      "longitudeNumber": -122.431753
    },
    "6306": {
      "storeId": 6306,
      "storeName": "DIXIE HWY",
      "latitudeNumber": 25.64484,
      "longitudeNumber": -80.333565
    },
    "6310": {
      "storeId": 6310,
      "storeName": "N HOLLYWOOD/STIRLING",
      "latitudeNumber": 26.04077,
      "longitudeNumber": -80.161453
    },
    "6312": {
      "storeId": 6312,
      "storeName": "N LAUDERDALE",
      "latitudeNumber": 26.213291,
      "longitudeNumber": -80.204248
    },
    "6314": {
      "storeId": 6314,
      "storeName": "STUART",
      "latitudeNumber": 27.167988,
      "longitudeNumber": -80.228461
    },
    "6315": {
      "storeId": 6315,
      "storeName": "E DELRAY BEACH",
      "latitudeNumber": 26.43657,
      "longitudeNumber": -80.087349
    },
    "6316": {
      "storeId": 6316,
      "storeName": "LAKE WORTH II",
      "latitudeNumber": 26.592811,
      "longitudeNumber": -80.147391
    },
    "6320": {
      "storeId": 6320,
      "storeName": "E PALM BEACH LAKES",
      "latitudeNumber": 26.725002,
      "longitudeNumber": -80.078998
    },
    "6322": {
      "storeId": 6322,
      "storeName": "N MIAMI/BISCAYNE",
      "latitudeNumber": 25.887185,
      "longitudeNumber": -80.164355
    },
    "6325": {
      "storeId": 6325,
      "storeName": "WEST DELRAY",
      "latitudeNumber": 26.453122,
      "longitudeNumber": -80.146961
    },
    "6326": {
      "storeId": 6326,
      "storeName": "W GRIFFIN",
      "latitudeNumber": 26.06627,
      "longitudeNumber": -80.361983
    },
    "6329": {
      "storeId": 6329,
      "storeName": "SAWGRASS",
      "latitudeNumber": 26.145846,
      "longitudeNumber": -80.316951
    },
    "6330": {
      "storeId": 6330,
      "storeName": "W PALM BEACH",
      "latitudeNumber": 26.707934,
      "longitudeNumber": -80.15195
    },
    "6336": {
      "storeId": 6336,
      "storeName": "PALM BAY",
      "latitudeNumber": 27.998607,
      "longitudeNumber": -80.635916
    },
    "6339": {
      "storeId": 6339,
      "storeName": "W KENDALL",
      "latitudeNumber": 25.684285,
      "longitudeNumber": -80.44713
    },
    "6341": {
      "storeId": 6341,
      "storeName": "DAVIE II",
      "latitudeNumber": 26.047997,
      "longitudeNumber": -80.251819
    },
    "6343": {
      "storeId": 6343,
      "storeName": "FLAGLER II",
      "latitudeNumber": 25.769872,
      "longitudeNumber": -80.324595
    },
    "6353": {
      "storeId": 6353,
      "storeName": "MIRAMAR",
      "latitudeNumber": 25.979724,
      "longitudeNumber": -80.359646
    },
    "6355": {
      "storeId": 6355,
      "storeName": "FLORIDA CITY",
      "latitudeNumber": 25.460402,
      "longitudeNumber": -80.475103
    },
    "6356": {
      "storeId": 6356,
      "storeName": "COCONUT CREEK",
      "latitudeNumber": 26.283174,
      "longitudeNumber": -80.201807
    },
    "6372": {
      "storeId": 6372,
      "storeName": "E FORT LAUDERDALE",
      "latitudeNumber": 26.137,
      "longitudeNumber": -80.140399
    },
    "6376": {
      "storeId": 6376,
      "storeName": "WEST PORT ST LUCIE",
      "latitudeNumber": 27.3176,
      "longitudeNumber": -80.3791
    },
    "6378": {
      "storeId": 6378,
      "storeName": "E HIALEAH",
      "latitudeNumber": 25.812152,
      "longitudeNumber": -80.261585
    },
    "6379": {
      "storeId": 6379,
      "storeName": "ROYAL PALM",
      "latitudeNumber": 26.677237,
      "longitudeNumber": -80.20237
    },
    "6381": {
      "storeId": 6381,
      "storeName": "N MELBOURNE",
      "latitudeNumber": 28.192125,
      "longitudeNumber": -80.672089
    },
    "6848": {
      "storeId": 6848,
      "storeName": "LOVEJOY",
      "latitudeNumber": 33.4361,
      "longitudeNumber": -84.3144
    },
    "6852": {
      "storeId": 6852,
      "storeName": "PEMBROKE PINES (R0259)",
      "latitudeNumber": 26.007921,
      "longitudeNumber": -80.293422
    },
    "6861": {
      "storeId": 6861,
      "storeName": "VILLA RICA",
      "latitudeNumber": 33.719202,
      "longitudeNumber": -84.940904
    },
    "6871": {
      "storeId": 6871,
      "storeName": "TITUSVILLE",
      "latitudeNumber": 28.553474,
      "longitudeNumber": -80.846584
    },
    "6872": {
      "storeId": 6872,
      "storeName": "HIALEAH GARDENS",
      "latitudeNumber": 25.896913,
      "longitudeNumber": -80.379417
    },
    "6878": {
      "storeId": 6878,
      "storeName": "OKEECHOBEE",
      "latitudeNumber": 27.218904,
      "longitudeNumber": -80.829759
    },
    "6934": {
      "storeId": 6934,
      "storeName": "PORT ST LUCIE-SOUTH",
      "latitudeNumber": 27.26426,
      "longitudeNumber": -80.41597
    },
    "6940": {
      "storeId": 6940,
      "storeName": "POWDER SPRINGS",
      "latitudeNumber": 33.86394,
      "longitudeNumber": -84.678827
    },
    "6941": {
      "storeId": 6941,
      "storeName": "LITHIA SPGS-THORNTON RD",
      "latitudeNumber": 33.778843,
      "longitudeNumber": -84.606563
    },
    "6942": {
      "storeId": 6942,
      "storeName": "CEDARTOWN,GA",
      "latitudeNumber": 34.054577,
      "longitudeNumber": -85.233083
    },
    "6943": {
      "storeId": 6943,
      "storeName": "SIXES ROAD",
      "latitudeNumber": 34.1561,
      "longitudeNumber": -84.5088
    },
    "6976": {
      "storeId": 6976,
      "storeName": "DEERWOOD",
      "latitudeNumber": 25.627198,
      "longitudeNumber": -80.386467
    },
    "6977": {
      "storeId": 6977,
      "storeName": "ELLENWOOD",
      "latitudeNumber": 33.620678,
      "longitudeNumber": -84.238073
    },
    "6978": {
      "storeId": 6978,
      "storeName": "BROOKWOOD",
      "latitudeNumber": 34.094545,
      "longitudeNumber": -84.174796
    },
    "6979": {
      "storeId": 6979,
      "storeName": "WINDER",
      "latitudeNumber": 33.94935,
      "longitudeNumber": -83.7667
    },
    "6980": {
      "storeId": 6980,
      "storeName": "DAHLONEGA",
      "latitudeNumber": 34.493,
      "longitudeNumber": -83.9641
    },
    "6986": {
      "storeId": 6986,
      "storeName": "BUCKHEAD",
      "latitudeNumber": 33.823841,
      "longitudeNumber": -84.367239
    },
    "8412": {
      "storeId": 8412,
      "storeName": "CLAYTON,GA",
      "latitudeNumber": 34.866769,
      "longitudeNumber": -83.402658
    },
    "8413": {
      "storeId": 8413,
      "storeName": "JASPER, GA",
      "latitudeNumber": 34.467611,
      "longitudeNumber": -84.461052
    },
    "8527": {
      "storeId": 8527,
      "storeName": "THOMASTON",
      "latitudeNumber": 32.920575,
      "longitudeNumber": -84.333985
    },
    "8545": {
      "storeId": 8545,
      "storeName": "SEBASTIAN",
      "latitudeNumber": 27.838386,
      "longitudeNumber": -80.485697
    },
    "8561": {
      "storeId": 8561,
      "storeName": "BURLINGTON,WA",
      "latitudeNumber": 48.448974,
      "longitudeNumber": -122.337689
    },
    "8562": {
      "storeId": 8562,
      "storeName": "BONNEY LAKE",
      "latitudeNumber": 47.170122,
      "longitudeNumber": -122.144141
    },
    "8563": {
      "storeId": 8563,
      "storeName": "OAK HARBOR",
      "latitudeNumber": 48.29275,
      "longitudeNumber": -122.657662
    },
    "8584": {
      "storeId": 8584,
      "storeName": "GREENSBORO,GA",
      "latitudeNumber": 33.47485,
      "longitudeNumber": -83.1792
    },
    "8924": {
      "storeId": 8924,
      "storeName": "CALHOUN",
      "latitudeNumber": 34.475238,
      "longitudeNumber": -84.922818
    },
    "8944": {
      "storeId": 8944,
      "storeName": "W SEATTLE",
      "latitudeNumber": 47.536068,
      "longitudeNumber": -122.361332
    },
    "8964": {
      "storeId": 8964,
      "storeName": "ABERDEEN",
      "latitudeNumber": 46.96652,
      "longitudeNumber": -123.84377
    },
    "8998": {
      "storeId": 8998,
      "storeName": "SEQUIM",
      "latitudeNumber": 33.929289,
      "longitudeNumber": -84.352542
    }
  }
}