{
  "101": {
    "distance": 2.403956110199752,
    "storeId": 6986
  },
  "102": {
    "distance": 2.045265959155962,
    "storeId": 114
  },
  "103": {
    "distance": 0.8861974871283629,
    "storeId": 275
  },
  "104": {
    "distance": 0.9986828387111149,
    "storeId": 564
  },
  "105": {
    "distance": 2.81536594566967,
    "storeId": 568
  },
  "106": {
    "distance": 1.5058981010022061,
    "storeId": 106
  },
  "107": {
    "distance": 1.9513817901788453,
    "storeId": 6501
  },
  "108": {
    "distance": 2.2444917163078917,
    "storeId": 208
  },
  "109": {
    "distance": 3.9359771996790274,
    "storeId": 507
  },
  "110": {
    "distance": 2.7606898268103586,
    "storeId": 266
  },
  "111": {
    "distance": 1.3562233747155559,
    "storeId": 459
  },
  "112": {
    "distance": 0.4404843900373006,
    "storeId": 539
  },
  "113": {
    "distance": 0.470909954627089,
    "storeId": 585
  },
  "114": {
    "distance": 0.2369465473165906,
    "storeId": 243
  },
  "115": {
    "distance": 1.4973989587521388,
    "storeId": 458
  },
  "116": {
    "distance": 0.7949678218984353,
    "storeId": 6357
  },
  "117": {
    "distance": 0.286060397007642,
    "storeId": 1502
  },
  "118": {
    "distance": 2.4178919273460986,
    "storeId": 1540
  },
  "119": {
    "distance": 1.5683609439134465,
    "storeId": 6544
  },
  "120": {
    "distance": 0.10280472617902532,
    "storeId": 3302
  },
  "121": {
    "distance": 0.8036753619006118,
    "storeId": 6839
  },
  "122": {
    "distance": 0.6635527098354348,
    "storeId": 202
  },
  "123": {
    "distance": 2.256836400716231,
    "storeId": 601
  },
  "124": {
    "distance": 0.2350330731275308,
    "storeId": 359
  },
  "125": {
    "distance": 0.37832668421410814,
    "storeId": 3872
  },
  "128": {
    "distance": 1.499495363055137,
    "storeId": 385
  },
  "129": {
    "distance": 1.0843401936266266,
    "storeId": 6680
  },
  "130": {
    "distance": 2.2023718682882407,
    "storeId": 1755
  },
  "131": {
    "distance": 1.016984924311637,
    "storeId": 6537
  },
  "132": {
    "distance": 2.4265925461757423,
    "storeId": 1917
  },
  "133": {
    "distance": 1.9395171224996448,
    "storeId": 224
  },
  "134": {
    "distance": 2.244139464732645,
    "storeId": 6353
  },
  "135": {
    "distance": 0.4735903037987909,
    "storeId": 540
  },
  "136": {
    "distance": 2.7552623796240234,
    "storeId": 1913
  },
  "137": {
    "distance": 3.3147773942355854,
    "storeId": 703
  },
  "138": {
    "distance": 0.25245471214508186,
    "storeId": 1918
  },
  "139": {
    "distance": 0.8543203283969321,
    "storeId": 4632
  },
  "140": {
    "distance": 2.675603181053851,
    "storeId": 6319
  },
  "141": {
    "distance": 0.7034853552939281,
    "storeId": 410
  },
  "142": {
    "distance": 0.06287968097845752,
    "storeId": 3832
  },
  "143": {
    "distance": 0.8090071694473758,
    "storeId": 248
  },
  "144": {
    "distance": 1.2550057859988788,
    "storeId": 3310
  },
  "145": {
    "distance": 0.287079148948812,
    "storeId": 1902
  },
  "146": {
    "distance": 0.7058616126978309,
    "storeId": 4604
  },
  "147": {
    "distance": 2.9410633601203457,
    "storeId": 477
  },
  "148": {
    "distance": 1.3628276115068791,
    "storeId": 574
  },
  "149": {
    "distance": 3.0500904683549632,
    "storeId": 251
  },
  "150": {
    "distance": 0.5584180890915111,
    "storeId": 6688
  },
  "151": {
    "distance": 0.47270902028261325,
    "storeId": 157
  },
  "152": {
    "distance": 0.276413811928991,
    "storeId": 170
  },
  "153": {
    "distance": 0.2614822860451714,
    "storeId": 3604
  },
  "154": {
    "distance": 1.9093978314938456,
    "storeId": 4102
  },
  "155": {
    "distance": 0.6727113823756836,
    "storeId": 6657
  },
  "156": {
    "distance": 1.0056699427739635,
    "storeId": 922
  },
  "157": {
    "distance": 2.3554613412844843,
    "storeId": 6627
  },
  "158": {
    "distance": 4.477874208620026,
    "storeId": 8444
  },
  "159": {
    "distance": 0.9271315787937671,
    "storeId": 4409
  },
  "160": {
    "distance": 2.561174070276368,
    "storeId": 147
  },
  "161": {
    "distance": 0.36176757370449036,
    "storeId": 6562
  },
  "162": {
    "distance": 0.23149527054694527,
    "storeId": 1983
  },
  "163": {
    "distance": 0.26468616045731486,
    "storeId": 914
  },
  "164": {
    "distance": 0.36828571759657924,
    "storeId": 730
  },
  "165": {
    "distance": 0.16107075813409383,
    "storeId": 721
  },
  "166": {
    "distance": 3.077171527606585,
    "storeId": 2560
  },
  "167": {
    "distance": 0.9204252774644993,
    "storeId": 6838
  },
  "168": {
    "distance": 0.6169820067167091,
    "storeId": 256
  },
  "169": {
    "distance": 0.2768081053322454,
    "storeId": 1070
  },
  "170": {
    "distance": 4.610797232794862,
    "storeId": 534
  },
  "171": {
    "distance": 3.058474857840879,
    "storeId": 4188
  },
  "172": {
    "distance": 3.7302156726067106,
    "storeId": 264
  },
  "173": {
    "distance": 1.1525656613770636,
    "storeId": 220
  },
  "175": {
    "distance": 0.7114975017238596,
    "storeId": 1922
  },
  "176": {
    "distance": 2.085681345155407,
    "storeId": 6646
  },
  "177": {
    "distance": 0.6276546021345702,
    "storeId": 4603
  },
  "178": {
    "distance": 0.9873692635630084,
    "storeId": 669
  },
  "179": {
    "distance": 5.619512767462617,
    "storeId": 3603
  },
  "180": {
    "distance": 0.46246291149342555,
    "storeId": 456
  },
  "181": {
    "distance": 1.9457212874572356,
    "storeId": 6372
  },
  "182": {
    "distance": 0.1455960086809614,
    "storeId": 904
  },
  "183": {
    "distance": 0.8942686826332467,
    "storeId": 6553
  },
  "184": {
    "distance": 0.556347251742123,
    "storeId": 1267
  },
  "186": {
    "distance": 5.6401857204481,
    "storeId": 882
  },
  "187": {
    "distance": 5.108514087223353,
    "storeId": 2307
  },
  "188": {
    "distance": 3.282610412077982,
    "storeId": 4918
  },
  "189": {
    "distance": 1.7672607102997058,
    "storeId": 4612
  },
  "190": {
    "distance": 2.434926330992974,
    "storeId": 2202
  },
  "191": {
    "distance": 0.20553969489010107,
    "storeId": 6934
  },
  "192": {
    "distance": 0.6629548622846193,
    "storeId": 210
  },
  "193": {
    "distance": 0.9881007131089128,
    "storeId": 542
  },
  "194": {
    "distance": 2.7491963448874164,
    "storeId": 159
  },
  "195": {
    "distance": 0.9979852970764211,
    "storeId": 257
  },
  "196": {
    "distance": 4.812845887197483,
    "storeId": 226
  },
  "197": {
    "distance": 0.6004657472709751,
    "storeId": 3908
  },
  "198": {
    "distance": 0.20160931237702923,
    "storeId": 4401
  },
  "199": {
    "distance": 0.5897829161733137,
    "storeId": 4705
  },
  "200": {
    "distance": 1.0677445324492438,
    "storeId": 3502
  },
  "201": {
    "distance": 1.907614734620598,
    "storeId": 611
  },
  "202": {
    "distance": 3.710219431900102,
    "storeId": 3301
  },
  "203": {
    "distance": 2.0711428673752774,
    "storeId": 2018
  },
  "204": {
    "distance": 2.1860829847479217,
    "storeId": 4614
  },
  "205": {
    "distance": 1.4751347353077957,
    "storeId": 1532
  },
  "206": {
    "distance": 0.094664157234151,
    "storeId": 2671
  },
  "207": {
    "distance": 2.042574251287591,
    "storeId": 1840
  },
  "210": {
    "distance": 5.486728299396309,
    "storeId": 632
  },
  "211": {
    "distance": 2.6240801245749155,
    "storeId": 4713
  },
  "215": {
    "distance": 1.2723333634819216,
    "storeId": 3003
  }
}